"X","clusters","value"
"AAACCGGGTAGGTACC-1",2,"Normal"
"AAACCGTTCGTCCAGG-1",7,"Normal"
"AAACCTCATGAAGTTG-1",2,"Normal"
"AAACGGTTGCGAACTG-1",6,"Normal"
"AAACTGCTGGCTCCAA-1",1,"Tumor"
"AAACTTGCAAACGTAT-1",5,"Normal"
"AAAGACCCAAGTCGCG-1",0,"Normal"
"AAAGGCTACGGACCAT-1",2,"Normal"
"AAAGGCTCTCGCGCCG-1",1,"Tumor"
"AAAGGGATGTAGCAAG-1",5,"Normal"
"AAAGGGCAGCTTGAAT-1",0,"Normal"
"AAAGTAGCATTGCTCA-1",0,"Normal"
"AAAGTCACTGATGTAA-1",0,"Normal"
"AAATACCTATAAGCAT-1",1,"Tumor"
"AAATCGTGTACCACAA-1",0,"Normal"
"AAATGCTCGTTACGTT-1",2,"Normal"
"AAATGGTCAATGTGCC-1",7,"Normal"
"AAATTAACGGGTAGCT-1",7,"Normal"
"AAATTGATAGTCCTTT-1",0,"Normal"
"AAATTTGCGGGTGTGG-1",7,"Normal"
"AACAACTGGTAGTTGC-1",0,"Normal"
"AACAATACATTGTCGA-1",0,"Normal"
"AACAATTACTCTACGC-1",0,"Normal"
"AACACACGCTCGCCGC-1",1,"Tumor"
"AACACGAGACGCGGCC-1",2,"Normal"
"AACACGCGGCCGCGAA-1",6,"Normal"
"AACAGCTGTGTGGCAA-1",0,"Normal"
"AACAGGATGGGCCGCG-1",6,"Normal"
"AACATTGTGACTCGAG-1",2,"Normal"
"AACCAAGACTTCTCTG-1",2,"Normal"
"AACCATGGGATCGCTA-1",0,"Normal"
"AACCCAGAGACGGAGA-1",0,"Normal"
"AACCCGACAACCCGTG-1",2,"Normal"
"AACCCTACTGTCAATA-1",8,"Normal"
"AACCGAGCTTGGTCAT-1",4,"Normal"
"AACCGCTAAGGGATGC-1",1,"Tumor"
"AACGATAATGCCGTAG-1",1,"Tumor"
"AACGATAGAAGGGCCG-1",2,"Normal"
"AACGCGACCTTGGGCG-1",2,"Normal"
"AACGCGGTCTCCAGCC-1",5,"Normal"
"AACGGACGTACGTATA-1",1,"Tumor"
"AACGGCCATCTCCGGT-1",6,"Normal"
"AACGTACTGTGGGTAC-1",4,"Normal"
"AACGTCAGACTAGTGG-1",0,"Normal"
"AACGTGCGAAAGTCTC-1",1,"Tumor"
"AACTAGGCTTGGGTGT-1",1,"Tumor"
"AACTCAAGTTAATTGC-1",4,"Normal"
"AACTCGATGGCGCAGT-1",0,"Normal"
"AACTCTCAGTGTGCTC-1",7,"Normal"
"AACTGGGTCCCGACGT-1",7,"Normal"
"AACTGGTGTGGGCCTT-1",0,"Normal"
"AACTTGCCCGTATGCA-1",0,"Normal"
"AAGAAGGATCAGTTAG-1",2,"Normal"
"AAGACCCAACTGAACA-1",2,"Normal"
"AAGACTGCAAGCTACT-1",1,"Tumor"
"AAGAGATGAATCGGTA-1",0,"Normal"
"AAGAGCTCTTTATCGG-1",1,"Tumor"
"AAGAGGATGTACGCGA-1",2,"Normal"
"AAGAGGCATGGATCGC-1",1,"Tumor"
"AAGATGGCACCGGACC-1",0,"Normal"
"AAGCATACTCTCCTGA-1",1,"Tumor"
"AAGCGTCCCTCATCGA-1",2,"Normal"
"AAGCTAGATCGAGTAA-1",1,"Tumor"
"AAGCTCGTGCCAAGTC-1",1,"Tumor"
"AAGCTCTTTCATGGTG-1",1,"Tumor"
"AAGGAGCGGTTGGTGC-1",5,"Normal"
"AAGGCGCGTAAAGCTT-1",0,"Normal"
"AAGGCTGTGCTCATCG-1",4,"Normal"
"AAGGGACTATGCATTC-1",6,"Normal"
"AAGGTGATAAACCAGC-1",1,"Tumor"
"AAGTAGAAGACCGGGT-1",0,"Normal"
"AAGTAGTGACGCGAGG-1",0,"Normal"
"AAGTGACGACCGAATT-1",2,"Normal"
"AAGTGAGTCGGGTTTA-1",2,"Normal"
"AAGTGCGTTAGAATCT-1",5,"Normal"
"AAGTGCTTCTCTATTG-1",6,"Normal"
"AAGTTCGGCCAACAGG-1",2,"Normal"
"AATAACAACGCTCGGC-1",2,"Normal"
"AATAACACTAGAACAA-1",2,"Normal"
"AATACCGGAGGGCTGT-1",2,"Normal"
"AATAGAATCTGTTTCA-1",1,"Tumor"
"AATAGTCCGTCCCGAC-1",1,"Tumor"
"AATATCAAGGTCGGAT-1",0,"Normal"
"AATATTGGAGTATTGA-1",0,"Normal"
"AATCCAAGGGCCTGAG-1",2,"Normal"
"AATCGCCTCAGCGCCA-1",1,"Tumor"
"AATGACAGCAATGTCT-1",5,"Normal"
"AATGACGTAGGATGTC-1",1,"Tumor"
"AATGACTGTCAGCCGG-1",5,"Normal"
"AATGCAACCGGGTACC-1",5,"Normal"
"AATGGTTCTCACAAGC-1",2,"Normal"
"AATGTGCCCGAGGTGT-1",0,"Normal"
"AATGTGCTAATCTGAG-1",5,"Normal"
"AATTAACGGATTTCCA-1",1,"Tumor"
"AATTAGCGCTGCAGCG-1",1,"Tumor"
"AATTCCAAGCATGTAC-1",2,"Normal"
"AATTCTAGAGTTAGGC-1",1,"Tumor"
"AATTGAACGCTCTGGT-1",1,"Tumor"
"ACAAATCGCACCGAAT-1",1,"Tumor"
"ACAAATGGTAGTGTTT-1",1,"Tumor"
"ACAACGGTCCCTGCGA-1",0,"Normal"
"ACAAGCAGTGCCTAGC-1",0,"Normal"
"ACAAGGAAATCCGCCC-1",1,"Tumor"
"ACAAGGACAAGAGGTT-1",0,"Normal"
"ACAAGGATGCTTTAGG-1",8,"Normal"
"ACAAGGGCAGGCTCTG-1",1,"Tumor"
"ACAATAGTCGTACGTT-1",2,"Normal"
"ACAATCCATTTAAACC-1",2,"Normal"
"ACAATGAATACGGAGA-1",0,"Normal"
"ACACAAAGACGGGTGG-1",2,"Normal"
"ACACACCAGGACCAGT-1",1,"Tumor"
"ACACCCAGCATGCAGC-1",2,"Normal"
"ACACCCGAGAAATCCG-1",2,"Normal"
"ACACCTTAAGTAGGGC-1",2,"Normal"
"ACACGGGAACTTAGGG-1",4,"Normal"
"ACACTGATCAAGGTGT-1",1,"Tumor"
"ACAGAACTGAGAACAA-1",0,"Normal"
"ACAGCATAGAGCCAGT-1",6,"Normal"
"ACAGGCTTGCCCGACT-1",1,"Tumor"
"ACAGGTGGAGGTGAGG-1",2,"Normal"
"ACATAATAAGGCGGTG-1",6,"Normal"
"ACATCCCGGCCATACG-1",1,"Tumor"
"ACATCGGTCAGCCGCG-1",4,"Normal"
"ACATCGTATGCAATGG-1",1,"Tumor"
"ACCAAGAACGCGTGTC-1",0,"Normal"
"ACCAATATGCAAGTTA-1",1,"Tumor"
"ACCACAAGTTTCTATC-1",4,"Normal"
"ACCACGTGCAGCTATA-1",1,"Tumor"
"ACCAGTGCGGGAGACG-1",1,"Tumor"
"ACCATCGTATATGGTA-1",0,"Normal"
"ACCCACCTACATGCTC-1",0,"Normal"
"ACCCATCTTGAGGGTA-1",5,"Normal"
"ACCCGAGCGAAATTAC-1",0,"Normal"
"ACCCGGAAACTCCCAG-1",1,"Tumor"
"ACCCGGTTACACTTCC-1",5,"Normal"
"ACCCGTGTCATCAGTA-1",2,"Normal"
"ACCCTATGCCATATCG-1",2,"Normal"
"ACCCTCCCTTGCTATT-1",1,"Tumor"
"ACCGAAAGGGCCCTGC-1",0,"Normal"
"ACCGACACATCTCCCA-1",1,"Tumor"
"ACCGACTGAGTCCCAC-1",8,"Normal"
"ACCGATGGTAGCATCG-1",8,"Normal"
"ACCGCAATAACTGCCT-1",1,"Tumor"
"ACCGTGACCACGTGGG-1",0,"Normal"
"ACCTAAGTACCTTTCA-1",5,"Normal"
"ACCTAATCGACTTCCT-1",0,"Normal"
"ACCTACTATAAATCTA-1",2,"Normal"
"ACCTGCGTGTCATGTT-1",4,"Normal"
"ACGAAATGGGCGGCAC-1",0,"Normal"
"ACGACTGGTCATACTC-1",2,"Normal"
"ACGAGAACCCATCACG-1",0,"Normal"
"ACGAGGATACCACTCT-1",0,"Normal"
"ACGATCATACATAGAG-1",4,"Normal"
"ACGATGCATATGTTAT-1",4,"Normal"
"ACGCAAACTAATAGAT-1",2,"Normal"
"ACGCATTCGTGAGTAC-1",2,"Normal"
"ACGCCGCTAGACGACC-1",1,"Tumor"
"ACGCGCTACACAGGGT-1",4,"Normal"
"ACGCGGGCCAAGGACA-1",7,"Normal"
"ACGGAATTTAGCAAAT-1",0,"Normal"
"ACGGATGGTGCGGATA-1",1,"Tumor"
"ACGGCGACGATGGGAA-1",1,"Tumor"
"ACGGGAGTGTCGGCCC-1",5,"Normal"
"ACGTATTACTCCGATC-1",8,"Normal"
"ACGTGCGCCTCGTGCA-1",7,"Normal"
"ACGTTAATGTCGAAGA-1",1,"Tumor"
"ACGTTAGATTTGCCCG-1",4,"Normal"
"ACGTTCCGCGCTCCGT-1",2,"Normal"
"ACGTTCGTTCAGGAAA-1",2,"Normal"
"ACTACCAGCTCTCTGG-1",0,"Normal"
"ACTACGCGTTAGAATT-1",1,"Tumor"
"ACTATTTCCGGGCCCA-1",0,"Normal"
"ACTCAACGAATGTATT-1",0,"Normal"
"ACTCAAGTGCAAGGCT-1",8,"Normal"
"ACTCAATAAAGGCACG-1",4,"Normal"
"ACTCAGACCTGCTTCT-1",0,"Normal"
"ACTCCAATATCATCAT-1",0,"Normal"
"ACTCCCTAATGCTAAA-1",1,"Tumor"
"ACTCCCTAGAATAGTA-1",1,"Tumor"
"ACTCGTAACCCGTCCT-1",0,"Normal"
"ACTCGTCAGTAATCCC-1",1,"Tumor"
"ACTCTCTGACTTAGGT-1",1,"Tumor"
"ACTCTTGTATAGTAAC-1",1,"Tumor"
"ACTGAATGGCGAAAGT-1",1,"Tumor"
"ACTGTAGCACTTTGGA-1",0,"Normal"
"ACTGTATACGCGAGCA-1",0,"Normal"
"ACTGTCCAGGATTATA-1",2,"Normal"
"ACTGTCTTCTTTAGAA-1",4,"Normal"
"ACTGTGCTAGTAGATC-1",0,"Normal"
"ACTTACGCATCCACGC-1",1,"Tumor"
"ACTTAGTACGACAAGA-1",0,"Normal"
"ACTTATACTTACCCGG-1",4,"Normal"
"ACTTATTAGGATCGGT-1",6,"Normal"
"ACTTATTTATGTGCCA-1",1,"Tumor"
"ACTTCAGGCTGATCCC-1",1,"Tumor"
"ACTTGACTCCCTCTTT-1",1,"Tumor"
"ACTTGGGACCCGGTGG-1",5,"Normal"
"ACTTTCCTATAGCTTC-1",4,"Normal"
"AGAACGTGGTACATTC-1",8,"Normal"
"AGAAGAGCGCCGTTCC-1",2,"Normal"
"AGAAGGTTGCCGAATT-1",2,"Normal"
"AGAAGTGATTCGTGAT-1",5,"Normal"
"AGAATTGTTTGACATA-1",0,"Normal"
"AGACATAGATCCTTCC-1",2,"Normal"
"AGACCATGGGATACAA-1",0,"Normal"
"AGACCCACCGCTGATC-1",1,"Tumor"
"AGACCCGCCCTCCTCG-1",5,"Normal"
"AGACGACGATGCCGCT-1",0,"Normal"
"AGACTAGCCTTCCAGA-1",5,"Normal"
"AGACTGTTACCGGGTC-1",2,"Normal"
"AGAGAAACACCAGAAA-1",4,"Normal"
"AGAGAAGGAGTACAAT-1",0,"Normal"
"AGAGCAGTTATGAGAC-1",7,"Normal"
"AGAGCGGGCTAATCAT-1",4,"Normal"
"AGAGCGTACAAGCTCG-1",0,"Normal"
"AGATAACTTCAGGGCC-1",4,"Normal"
"AGATACCGGTGTTCAC-1",4,"Normal"
"AGATACGACTTCATAT-1",0,"Normal"
"AGATACTCAAGATCGA-1",1,"Tumor"
"AGATCTCAGGTGTGAT-1",4,"Normal"
"AGATGACTCGCCCACG-1",0,"Normal"
"AGATGCAAGACGTGCA-1",0,"Normal"
"AGATTATAGGACGTTT-1",7,"Normal"
"AGCAAAGGCCGCTAGT-1",1,"Tumor"
"AGCAACATATCTTATT-1",4,"Normal"
"AGCAACCGAAAGTAAT-1",7,"Normal"
"AGCACCAGTACTCACG-1",8,"Normal"
"AGCACTACCGGCCTGT-1",6,"Normal"
"AGCACTACCTCACCAG-1",1,"Tumor"
"AGCACTTAAGGACGCC-1",6,"Normal"
"AGCAGAAGGAGAAAGA-1",4,"Normal"
"AGCAGCCAGATGAATA-1",1,"Tumor"
"AGCATATCAATATGCT-1",1,"Tumor"
"AGCATCATTTCGAAAG-1",6,"Normal"
"AGCATCGTCGATAATT-1",0,"Normal"
"AGCCAAGCTTTGTGTC-1",2,"Normal"
"AGCCCATACATGTAAG-1",2,"Normal"
"AGCCCGCAACAAGCAG-1",0,"Normal"
"AGCCCGGTAGCCTGTA-1",2,"Normal"
"AGCCGTGGCTAAATGT-1",0,"Normal"
"AGCGACAGGAACGGTC-1",0,"Normal"
"AGCGACATCCCATTCA-1",2,"Normal"
"AGCGACCAACGATATT-1",5,"Normal"
"AGCGCATAATGAATCG-1",7,"Normal"
"AGCGGACACTTCGTAG-1",1,"Tumor"
"AGCGGGAAGGGTCCAT-1",0,"Normal"
"AGCGGGTCTGACACTC-1",7,"Normal"
"AGCGTCTGAACCCGCA-1",6,"Normal"
"AGCGTGGTATTCTACT-1",1,"Tumor"
"AGCTAACAAGCAATGT-1",0,"Normal"
"AGCTCCTTCGCACATC-1",1,"Tumor"
"AGCTCTAGACGTTCCA-1",1,"Tumor"
"AGCTCTTTACTCAGTT-1",2,"Normal"
"AGCTGTAACCTCAATC-1",0,"Normal"
"AGCTTGATCTTAACTT-1",0,"Normal"
"AGGAAGCTGTCCGCCG-1",1,"Tumor"
"AGGACAGTCGAATCCC-1",1,"Tumor"
"AGGACATCGCACGTCG-1",0,"Normal"
"AGGACGACCCATTAGA-1",6,"Normal"
"AGGATAAAGTCGGGAT-1",1,"Tumor"
"AGGCAGGGAGCGTACT-1",2,"Normal"
"AGGCCACCCGTTATGA-1",0,"Normal"
"AGGCCCATTGTACAGG-1",0,"Normal"
"AGGCCCTAGAACGCCA-1",5,"Normal"
"AGGCTATGGTTAGCTT-1",0,"Normal"
"AGGGCGAGCAGCTGAT-1",2,"Normal"
"AGGGCGTGATCGGCTA-1",5,"Normal"
"AGGGTCAGAGCACTCG-1",2,"Normal"
"AGGGTGCCGTTCTTTA-1",0,"Normal"
"AGGGTTCAGACGGTCC-1",2,"Normal"
"AGGGTTTAGTTCGGGA-1",2,"Normal"
"AGGTAACCTCCTATTC-1",0,"Normal"
"AGGTAGATCGAGATAT-1",0,"Normal"
"AGGTAGGTACAAAGCT-1",2,"Normal"
"AGGTCAGGTGAGAGTG-1",2,"Normal"
"AGGTGGTGACCTTCGC-1",2,"Normal"
"AGGTTTCACACACCTT-1",1,"Tumor"
"AGTAATGTCTTGCCGC-1",2,"Normal"
"AGTACTCTTATGCCCA-1",1,"Tumor"
"AGTAGGTAACATACAT-1",0,"Normal"
"AGTATAATACTAGGCA-1",0,"Normal"
"AGTATACACAGCGACA-1",0,"Normal"
"AGTATGCTGGAGACCA-1",0,"Normal"
"AGTATTTGGCACGACC-1",2,"Normal"
"AGTCAAATGATGTGAT-1",0,"Normal"
"AGTCAACACCACCATC-1",2,"Normal"
"AGTCAAGATGACACTT-1",1,"Tumor"
"AGTCAGCCACCGCCTG-1",0,"Normal"
"AGTCGACGGTCTCAAG-1",4,"Normal"
"AGTCGGCCCAAACGAC-1",0,"Normal"
"AGTCGGCTCAACTTTA-1",0,"Normal"
"AGTCGTGGGCATTACG-1",2,"Normal"
"AGTCTCACAAGACTAC-1",2,"Normal"
"AGTCTTCTCCTCAAAT-1",4,"Normal"
"AGTGACCTACTTTACG-1",6,"Normal"
"AGTGAGACTTCCAGTA-1",4,"Normal"
"AGTGATAACCTGCGCG-1",8,"Normal"
"AGTGATATGAGTAGTT-1",6,"Normal"
"AGTGATTCAAGCAGGA-1",8,"Normal"
"AGTGCGTAGCTCGTAA-1",7,"Normal"
"AGTGCTTGCACGAATA-1",1,"Tumor"
"AGTGTGGTCTATTGTG-1",2,"Normal"
"AGTTAAACACTTGCGA-1",4,"Normal"
"AGTTAAGTCAACCGCT-1",5,"Normal"
"AGTTCCTACAGAATTA-1",4,"Normal"
"AGTTCCTATTTATGTT-1",1,"Tumor"
"AGTTTGCACCTGCCTC-1",1,"Tumor"
"AGTTTGGCCAGACCTA-1",2,"Normal"
"ATAAACGGACCCGTAA-1",7,"Normal"
"ATAAAGGCTCGGTCGT-1",7,"Normal"
"ATAAATATTAGCAGCT-1",2,"Normal"
"ATAACGCCGGAGGGTC-1",7,"Normal"
"ATAAGGTGGAGAACAT-1",1,"Tumor"
"ATAAGTTACCGCGACG-1",6,"Normal"
"ATAATAGTGTAGGGAC-1",0,"Normal"
"ATACAGGCCCTCCAAT-1",1,"Tumor"
"ATACCACGGGCAACTT-1",0,"Normal"
"ATACCAGGCTAATAGA-1",0,"Normal"
"ATACCTAACCAAGAAA-1",1,"Tumor"
"ATACGCCGGCGAAACC-1",1,"Tumor"
"ATACGGAACGTCGTTT-1",0,"Normal"
"ATACGTACTTAGCCAC-1",1,"Tumor"
"ATACGTCCACTCCTGT-1",1,"Tumor"
"ATACGTTATGCACGGA-1",1,"Tumor"
"ATACTAGCATGACCCT-1",0,"Normal"
"ATAGACGAAGAGAAAG-1",4,"Normal"
"ATAGAGTACTGGGACA-1",5,"Normal"
"ATAGGCGGCTATAGAA-1",5,"Normal"
"ATAGGTTGGGCAGATG-1",4,"Normal"
"ATATAAAGCGCTCGTG-1",1,"Tumor"
"ATATAAATGTAGCTGC-1",1,"Tumor"
"ATATGGGATAGCAACT-1",7,"Normal"
"ATATTCAGTTAAACCT-1",2,"Normal"
"ATATTCCACATAGTGA-1",1,"Tumor"
"ATATTCCCACAGGTCA-1",0,"Normal"
"ATATTGCTGTCAAAGT-1",0,"Normal"
"ATATTTAACCCTCAAG-1",7,"Normal"
"ATCAAACGAAGGTTTG-1",2,"Normal"
"ATCAATCTGGGCTGCA-1",7,"Normal"
"ATCACGTGCTAATTAA-1",0,"Normal"
"ATCAGACGGCACGCCG-1",2,"Normal"
"ATCCAACGCAGTCATA-1",0,"Normal"
"ATCCAATGGAGGGTCC-1",5,"Normal"
"ATCCAGGATTCGTGAA-1",4,"Normal"
"ATCCTACCTAAGCTCT-1",6,"Normal"
"ATCCTGAATCGCTGCG-1",0,"Normal"
"ATCCTGCGTGGAATGG-1",6,"Normal"
"ATCCTGCTGCAGATAG-1",6,"Normal"
"ATCGACTCTTTCCGTT-1",2,"Normal"
"ATCGCACGCCGGGAGA-1",5,"Normal"
"ATCGGAGACAGACGGC-1",1,"Tumor"
"ATCTAATATCCTACGG-1",1,"Tumor"
"ATCTAGCTTGTGAGGG-1",7,"Normal"
"ATCTGACATGGAAGGA-1",0,"Normal"
"ATCTGCTGTTATCGCC-1",7,"Normal"
"ATCTGGGCTGTTCTTG-1",1,"Tumor"
"ATCTGGTTAAGACTGT-1",8,"Normal"
"ATCTGTAATTGTACCC-1",0,"Normal"
"ATCTTGACCTGCAACG-1",2,"Normal"
"ATGAAGCCAAGGAGCC-1",5,"Normal"
"ATGACGCCGGCTCTAA-1",2,"Normal"
"ATGACGCGTTCTATCC-1",2,"Normal"
"ATGACTATCAGCTGTG-1",2,"Normal"
"ATGACTATGCGACATT-1",1,"Tumor"
"ATGAGGAGTGTTAATC-1",0,"Normal"
"ATGATCGGGAATAGAC-1",0,"Normal"
"ATGATGCAATGGTACA-1",6,"Normal"
"ATGCACTACCGCATTG-1",2,"Normal"
"ATGCATGATCCAGGAT-1",4,"Normal"
"ATGCCGGTCTTGCATA-1",4,"Normal"
"ATGCGACAGTCCCATT-1",1,"Tumor"
"ATGCTCAGTGTTGCAT-1",0,"Normal"
"ATGCTCTGGCGCGGTA-1",1,"Tumor"
"ATGGAGCAGGCCGTGA-1",1,"Tumor"
"ATGGATTGACCAAACG-1",5,"Normal"
"ATGGGACCTGCTGAAC-1",0,"Normal"
"ATGGGCCTCGGCCTCT-1",1,"Tumor"
"ATGGTCGCGTGGTTTC-1",1,"Tumor"
"ATGTGAAAGCCTAATG-1",0,"Normal"
"ATGTGCATCCGACGCA-1",2,"Normal"
"ATGTGGACATCTTGAT-1",1,"Tumor"
"ATGTTACGAGCAATAC-1",0,"Normal"
"ATGTTGTAGTCTGTTT-1",0,"Normal"
"ATTAAACATGCGGACC-1",2,"Normal"
"ATTAATACTACGCGGG-1",4,"Normal"
"ATTACGCGCTGGCAGG-1",2,"Normal"
"ATTACTAGCCTCTTGC-1",4,"Normal"
"ATTAGATTGATAGCGG-1",0,"Normal"
"ATTAGGCGATGCTTTC-1",1,"Tumor"
"ATTATCGGAATGTACG-1",2,"Normal"
"ATTATGCCATAGGGAG-1",0,"Normal"
"ATTATTATGTCCGTCA-1",0,"Normal"
"ATTCACTGATGTTGGA-1",1,"Tumor"
"ATTCAGTAGCAGGGTC-1",0,"Normal"
"ATTCCCACATAAACAA-1",0,"Normal"
"ATTCCTCCGCCAGTGC-1",0,"Normal"
"ATTCGACGCCGGGCCT-1",0,"Normal"
"ATTCTCGTCTCTTTAG-1",0,"Normal"
"ATTGAAGATCTTAGTG-1",4,"Normal"
"ATTGCTGCTCCTCCAT-1",2,"Normal"
"ATTGGGAATATCTTGG-1",0,"Normal"
"ATTGTCTGTTTCATGT-1",7,"Normal"
"ATTTAACTCGTATTAC-1",0,"Normal"
"ATTTACAGTTTACTGG-1",0,"Normal"
"ATTTCCGGGTTCTGCG-1",0,"Normal"
"ATTTGCGCGAGTAGCT-1",0,"Normal"
"CAAACGAGTATCGCAG-1",2,"Normal"
"CAAACGGTCGCACTTT-1",5,"Normal"
"CAAAGATTATTGGGCC-1",0,"Normal"
"CAAATCTCTCACAAGG-1",5,"Normal"
"CAAATGTCCTTCCGTG-1",6,"Normal"
"CAACGACCCGTTTACA-1",2,"Normal"
"CAACGGTTCTTGATAC-1",2,"Normal"
"CAACTCCTTGATCCCG-1",2,"Normal"
"CAACTTGTAGTGGGCA-1",0,"Normal"
"CAAGAGGGCGGAGTAC-1",1,"Tumor"
"CAAGATATTATAACGT-1",1,"Tumor"
"CAAGCAACGTCGGAGT-1",0,"Normal"
"CAAGCACCAAATGCCT-1",7,"Normal"
"CAAGCGGCACATAATT-1",1,"Tumor"
"CAAGGATCGCATGTTC-1",1,"Tumor"
"CAAGTAAGTGATAGAC-1",2,"Normal"
"CAAGTGTGGTTGCAAA-1",4,"Normal"
"CAATGCGAGAAGTATC-1",1,"Tumor"
"CAATTAAGGGTGATGA-1",8,"Normal"
"CACAATGAGCTGCTAT-1",2,"Normal"
"CACACAGGGATAGATT-1",0,"Normal"
"CACACGCGCTGTCTTA-1",8,"Normal"
"CACAGCACCCACGGCA-1",4,"Normal"
"CACAGCTAGGGAGTGA-1",0,"Normal"
"CACATATTAGCAGGAT-1",1,"Tumor"
"CACATCGTGCACGCGC-1",0,"Normal"
"CACATCTCACCGACGA-1",1,"Tumor"
"CACCAGTCAGCATGCA-1",7,"Normal"
"CACCCACACGTCACCC-1",4,"Normal"
"CACCCTAACAAGATCT-1",1,"Tumor"
"CACCCTTTCCTCGCTC-1",2,"Normal"
"CACCGCCAGAAGGTTT-1",5,"Normal"
"CACCGTTAGGGATCAC-1",2,"Normal"
"CACCGTTGCGCGATAT-1",0,"Normal"
"CACCTAATAGAGTCGT-1",0,"Normal"
"CACGAAAGTTAGTCCC-1",0,"Normal"
"CACGCAGCGAGGCTTT-1",4,"Normal"
"CACGTCGGCAACCTCT-1",0,"Normal"
"CACGTTTCGTACACAC-1",1,"Tumor"
"CACTAAAGTTGCCTAT-1",7,"Normal"
"CACTCCTATGTAAGAT-1",2,"Normal"
"CACTCGAGCTGAACAA-1",1,"Tumor"
"CACTCTCAAGCATCGA-1",2,"Normal"
"CACTGACGATTGTGGA-1",0,"Normal"
"CACTGTCCAAGTGAGA-1",4,"Normal"
"CACTTAATCAGACGGA-1",7,"Normal"
"CACTTCGCCACAGGCT-1",0,"Normal"
"CAGAACTTAGCCCTCT-1",1,"Tumor"
"CAGACGAACCTGATAC-1",7,"Normal"
"CAGAGACGGTCACCCA-1",4,"Normal"
"CAGAGCATGAGCTTGC-1",4,"Normal"
"CAGAGGCGATGCATGA-1",6,"Normal"
"CAGATACTAACATAGT-1",5,"Normal"
"CAGCGATTCCCTTCAA-1",7,"Normal"
"CAGCTCACTGAGACAT-1",2,"Normal"
"CAGCTCGTGCTTGTGT-1",2,"Normal"
"CAGCTGGCGTAACCGT-1",0,"Normal"
"CAGCTTAGTAGGTAGC-1",0,"Normal"
"CAGGCCGTTTGGGTGT-1",4,"Normal"
"CAGGCGCACGGTGGTC-1",2,"Normal"
"CAGGCGCCATGCTAGG-1",1,"Tumor"
"CAGGGAGATAGGCCAG-1",2,"Normal"
"CAGTAATCCCTCCCAG-1",0,"Normal"
"CAGTACCAGTTTACGT-1",2,"Normal"
"CAGTCTGTATACTGGG-1",1,"Tumor"
"CAGTGTCCGCAGAATG-1",0,"Normal"
"CAGTGTCGGCTGGCCC-1",1,"Tumor"
"CAGTTCAAATTGACAC-1",4,"Normal"
"CAGTTCCGCGGGTCGA-1",0,"Normal"
"CAGTTCGAGGACCCGA-1",0,"Normal"
"CATAAGAAGCTTGGCT-1",1,"Tumor"
"CATAATGAGCGGGCGA-1",0,"Normal"
"CATACAAAGCCGAACC-1",0,"Normal"
"CATACACGGTTCCCAC-1",4,"Normal"
"CATACCCGTACCCAGT-1",2,"Normal"
"CATACGAACTAGCTGG-1",0,"Normal"
"CATACTATGTAATTGT-1",4,"Normal"
"CATACTTCTTTCTCCG-1",0,"Normal"
"CATAGCCGCCCGGGAT-1",7,"Normal"
"CATAGCGTTGCCCACC-1",7,"Normal"
"CATAGTAGCATAGTAG-1",5,"Normal"
"CATAGTCCACAAGAAC-1",5,"Normal"
"CATATAGGTACAGTCA-1",2,"Normal"
"CATATGTCAGGCTACG-1",0,"Normal"
"CATCATTACCCTGAGG-1",1,"Tumor"
"CATCCTCTCAAAGATC-1",1,"Tumor"
"CATCGCCCGCGGCCAA-1",5,"Normal"
"CATCGGACGGGTTAAT-1",2,"Normal"
"CATGAACCGACATTTG-1",5,"Normal"
"CATGAGATGCACTCTC-1",1,"Tumor"
"CATGATGCACAATTCT-1",4,"Normal"
"CATGCCAACTCGCAAA-1",2,"Normal"
"CATGCGTTAGACAGAA-1",7,"Normal"
"CATGCTGGCTCCAATT-1",6,"Normal"
"CATGGCAGGAAGATCG-1",0,"Normal"
"CATGGGTATGCCTTAT-1",1,"Tumor"
"CATGGTAAGTAGCGTT-1",1,"Tumor"
"CATGGTCTAGATACCG-1",4,"Normal"
"CATGTAAGAGACATTT-1",1,"Tumor"
"CATGTCTCATTTATGG-1",1,"Tumor"
"CATTATGCTTGTTGTG-1",5,"Normal"
"CATTTCTAGCAGACTA-1",2,"Normal"
"CCAAACAGAACCCTCG-1",2,"Normal"
"CCAACCTTATGTAACT-1",0,"Normal"
"CCAACGATGCACTGAT-1",0,"Normal"
"CCAAGACTTCTGCGAA-1",6,"Normal"
"CCAAGGAACAGAGAGG-1",0,"Normal"
"CCAATAGTGCCGTCGA-1",5,"Normal"
"CCAATGTCACAGCAAG-1",2,"Normal"
"CCAATTGAATGTTAAT-1",5,"Normal"
"CCACAGTACCCATCCT-1",1,"Tumor"
"CCACCCAAGGAAAGTG-1",1,"Tumor"
"CCACGGAGCCATAAGA-1",5,"Normal"
"CCACTGGTGGCTGGTT-1",2,"Normal"
"CCAGAAAGCAACTCAT-1",2,"Normal"
"CCAGAGACAAAGCCGG-1",7,"Normal"
"CCAGCTACGCCTCATA-1",0,"Normal"
"CCAGCTCGAACGCATT-1",1,"Tumor"
"CCAGCTGATGGTACTT-1",0,"Normal"
"CCAGGGACGTGGCCTC-1",5,"Normal"
"CCAGTCTTGTCATAGA-1",1,"Tumor"
"CCATAGGTTGGCGTGG-1",2,"Normal"
"CCATCCATACCAAGTC-1",0,"Normal"
"CCATCGCAGTTAAACT-1",1,"Tumor"
"CCATCTTGTTCACAAT-1",0,"Normal"
"CCATGCCTGTTTAGTA-1",7,"Normal"
"CCATGCTCTGCAGGAA-1",2,"Normal"
"CCATGGCCCTTGTACC-1",0,"Normal"
"CCATTAGCGATAATCC-1",5,"Normal"
"CCATTCCCTGCCCACA-1",5,"Normal"
"CCATTTCTACCTATTA-1",1,"Tumor"
"CCCAAACATGCTGCTC-1",8,"Normal"
"CCCAACATACGTCGCG-1",4,"Normal"
"CCCAATGAGATTTGCA-1",0,"Normal"
"CCCAATTTCACAACTT-1",5,"Normal"
"CCCAGTTAAGGCGCCG-1",1,"Tumor"
"CCCGCAGCGCGAACTA-1",1,"Tumor"
"CCCGCCATGCTCCCGT-1",0,"Normal"
"CCCGCGCAATGCACCC-1",0,"Normal"
"CCCGGGTCGTTCAGGG-1",0,"Normal"
"CCCGGTGGAAGAACCT-1",0,"Normal"
"CCCGTAAGTCTAGGCC-1",2,"Normal"
"CCCGTAGCTGGGAAGA-1",0,"Normal"
"CCCGTCAGCGTCTGAC-1",0,"Normal"
"CCCTATGTAGAGCAGA-1",6,"Normal"
"CCCTCATTCTGGAATT-1",5,"Normal"
"CCCTGAAATGAGTTGA-1",2,"Normal"
"CCCTGCGCTACGCATA-1",0,"Normal"
"CCGAAAGTGGTGAGCA-1",0,"Normal"
"CCGAACCTTCCCGGCC-1",1,"Tumor"
"CCGAAGTATATTGTTC-1",0,"Normal"
"CCGACAAAGGGAGTGC-1",6,"Normal"
"CCGACGGGCATGAGGT-1",0,"Normal"
"CCGATTCGAGGGACCC-1",5,"Normal"
"CCGCACAAAGACCAAC-1",1,"Tumor"
"CCGCACGTGACCTCGG-1",0,"Normal"
"CCGCATGTGGTACGAT-1",1,"Tumor"
"CCGCCGGTCAACACAC-1",6,"Normal"
"CCGCGGAATGCGTCAC-1",7,"Normal"
"CCGCGGGTACGAAGAA-1",0,"Normal"
"CCGCGTAGGTAAGGGC-1",0,"Normal"
"CCGCTATCAGCACCAG-1",4,"Normal"
"CCGCTTACCTCACTCT-1",2,"Normal"
"CCGGAATGGTTTCAGT-1",0,"Normal"
"CCGGAGCGTACTTTCT-1",1,"Tumor"
"CCGGCGCATATTGGAT-1",0,"Normal"
"CCGGGACCCGCAGAGA-1",0,"Normal"
"CCGGGCGGTCTCGTCA-1",7,"Normal"
"CCGGGCTGCTCCATAC-1",7,"Normal"
"CCGGGTTCGAGGTTAC-1",5,"Normal"
"CCGGTTTGTAATTGTG-1",2,"Normal"
"CCGTACCCAAGCGCCA-1",0,"Normal"
"CCGTATCTCGTCGTAG-1",0,"Normal"
"CCGTGCCCATGACGGC-1",0,"Normal"
"CCGTGTTAAATTCCAT-1",2,"Normal"
"CCGTTCCGAATCTCGG-1",2,"Normal"
"CCTAAATTAACGGTTC-1",1,"Tumor"
"CCTAACCCAAACAAGT-1",1,"Tumor"
"CCTACATTCACAGACG-1",6,"Normal"
"CCTACGGCTCAGTCGA-1",0,"Normal"
"CCTACTGCTTACACTT-1",5,"Normal"
"CCTATAATGAGTGCCC-1",1,"Tumor"
"CCTATACCGTCCTGTC-1",6,"Normal"
"CCTATATTTGTCCTGG-1",2,"Normal"
"CCTATGGCTCCTAGTG-1",0,"Normal"
"CCTATGGGTTACCGTC-1",8,"Normal"
"CCTCACCAATCTTGAC-1",0,"Normal"
"CCTCATGCAGCTACGA-1",2,"Normal"
"CCTCCGACAATTCAAG-1",0,"Normal"
"CCTCGCGCTGTGCGAT-1",1,"Tumor"
"CCTCGGACCGGGATAG-1",1,"Tumor"
"CCTCTATCGATTAGCA-1",0,"Normal"
"CCTCTCTCCCATCTAG-1",5,"Normal"
"CCTCTGTACTATTCTA-1",1,"Tumor"
"CCTGAACGATATATTC-1",4,"Normal"
"CCTGAATATTTACATA-1",4,"Normal"
"CCTGCTATTTGAGAAG-1",5,"Normal"
"CCTGGCTAGACCCGCC-1",5,"Normal"
"CCTGGTCGAATGTGGG-1",1,"Tumor"
"CCTGTAAGACATGATA-1",4,"Normal"
"CCTGTACTCACGCCCA-1",0,"Normal"
"CCTGTCACCCGGGCTC-1",8,"Normal"
"CCTGTTCAACCTCGGG-1",7,"Normal"
"CCTTCAGTTAAAGTGA-1",2,"Normal"
"CCTTCGTATAGAATCC-1",7,"Normal"
"CCTTTAAGGGAGCACT-1",6,"Normal"
"CGAAACGCAATTCATG-1",5,"Normal"
"CGAACAGTATGGGCGT-1",1,"Tumor"
"CGAAGTTGCTCTGTGT-1",5,"Normal"
"CGAATGACGCATAATG-1",1,"Tumor"
"CGACAGTTCGCGTTAT-1",4,"Normal"
"CGAGACCCTAGAGTGT-1",4,"Normal"
"CGAGAGATGTGAACCT-1",8,"Normal"
"CGAGCACTTCAAGTTT-1",0,"Normal"
"CGAGCGTTGATCAGCC-1",0,"Normal"
"CGAGGCTAAATATGGC-1",8,"Normal"
"CGAGGGACTGCGGTCG-1",1,"Tumor"
"CGAGTACTAAAGAGGA-1",0,"Normal"
"CGAGTGAAGGTACCAG-1",0,"Normal"
"CGAGTGCTATAGTTCG-1",0,"Normal"
"CGAGTTTATCGGACTG-1",8,"Normal"
"CGATACCTCGCGGACA-1",7,"Normal"
"CGATATTAGCCGCAGG-1",0,"Normal"
"CGATCCGACCCAGTGC-1",7,"Normal"
"CGATCCTCGCAACATA-1",0,"Normal"
"CGATCTGTTGGAGGAC-1",2,"Normal"
"CGATTAAATATCTCCT-1",1,"Tumor"
"CGATTCGCCTGGCTGC-1",1,"Tumor"
"CGCAAACACGAGTTAC-1",0,"Normal"
"CGCAATTACTTTCGGT-1",0,"Normal"
"CGCAATTAGGGTAATA-1",2,"Normal"
"CGCAATTCTACAATAA-1",0,"Normal"
"CGCATTAGCTAATAGG-1",5,"Normal"
"CGCCCAGCACGCCTAG-1",2,"Normal"
"CGCCCTTGAAGGCTGA-1",7,"Normal"
"CGCCGCCCATGCCTGT-1",1,"Tumor"
"CGCCTCCCTCCTCTAT-1",1,"Tumor"
"CGCCTGGCCTACGTAA-1",0,"Normal"
"CGCGAGTCTGCCGGGT-1",0,"Normal"
"CGCGCAAATGTCCAGA-1",0,"Normal"
"CGCGGGAATTAGGCAG-1",4,"Normal"
"CGCGTTCATGAAATAC-1",5,"Normal"
"CGCTACGGGACATTTA-1",7,"Normal"
"CGCTATACCGCCCACT-1",0,"Normal"
"CGCTATTCAATGTATG-1",2,"Normal"
"CGCTCGACATAATGAT-1",2,"Normal"
"CGCTCTCCGTAGATTA-1",5,"Normal"
"CGCTGTGACGCCGCAC-1",5,"Normal"
"CGCTGTGTGGATGTTG-1",0,"Normal"
"CGCTTAGTATTGATAC-1",0,"Normal"
"CGCTTATTCCCGGTCG-1",2,"Normal"
"CGCTTCCACTGAAATC-1",2,"Normal"
"CGCTTTCATACCGGTG-1",0,"Normal"
"CGCTTTCTTGCATTCG-1",8,"Normal"
"CGGAAAGAATCAAACG-1",6,"Normal"
"CGGAACGTAAACATAG-1",2,"Normal"
"CGGAGCAATTTAATCG-1",1,"Tumor"
"CGGAGCATGGCGATCC-1",1,"Tumor"
"CGGAGTTTGAGAGACA-1",0,"Normal"
"CGGCAAACATCGTGCG-1",1,"Tumor"
"CGGCACTCAAGAAAGT-1",7,"Normal"
"CGGCCAGAGCGACCAT-1",0,"Normal"
"CGGGAATTTATGTAAA-1",1,"Tumor"
"CGGGAGCTTCAGTGTA-1",1,"Tumor"
"CGGGATCAATGTAAGA-1",2,"Normal"
"CGGGCAGCTAAACCGC-1",7,"Normal"
"CGGGTGTACCCATTTA-1",8,"Normal"
"CGGTACTAGAATCAAA-1",1,"Tumor"
"CGGTCCGTCGCAAGCC-1",2,"Normal"
"CGGTGAAGACTAAAGT-1",0,"Normal"
"CGGTGCAGATAGAACG-1",4,"Normal"
"CGGTGCGCGTTGGTCC-1",2,"Normal"
"CGGTGTACTTGATCCC-1",0,"Normal"
"CGGTTCCGGCTTCTTG-1",5,"Normal"
"CGGTTGACCTGGCATA-1",0,"Normal"
"CGGTTGAGTATCCTTC-1",2,"Normal"
"CGTAACTTCGACACTT-1",0,"Normal"
"CGTACCTGATAGGCCT-1",4,"Normal"
"CGTATTAAGAGATCTA-1",7,"Normal"
"CGTCAGTGCGCACAAG-1",0,"Normal"
"CGTCGCTTGGTTATAC-1",7,"Normal"
"CGTCGGGTCTAAGCGC-1",6,"Normal"
"CGTCGTCCTTCGCGAA-1",1,"Tumor"
"CGTCTGGAAGGGCCCG-1",7,"Normal"
"CGTGACCAGTCCTCTG-1",2,"Normal"
"CGTGCAGACTGGGACA-1",1,"Tumor"
"CGTGCATTGTCGACGC-1",2,"Normal"
"CGTGCCCTCCCGAAGA-1",1,"Tumor"
"CGTGCTTCTACCTAAA-1",2,"Normal"
"CGTGGTACCCAAAGGC-1",2,"Normal"
"CGTGTCCCATTCGCGA-1",2,"Normal"
"CGTGTCTCGTTACGAC-1",2,"Normal"
"CGTTAATGTCCCGACG-1",8,"Normal"
"CGTTCAAGGAAACGGA-1",0,"Normal"
"CGTTCAGACCCGCGAA-1",2,"Normal"
"CGTTCATGGTGCGCGT-1",0,"Normal"
"CGTTGAATACCGCGCT-1",1,"Tumor"
"CGTTGAGCGACCGTCG-1",1,"Tumor"
"CGTTGCCCGCGTGGGA-1",0,"Normal"
"CGTTGTCGGCAATTGA-1",1,"Tumor"
"CGTTGTTTCAATTCCC-1",5,"Normal"
"CGTTTAAGCGGAGCAC-1",6,"Normal"
"CGTTTCGCTCATTACA-1",4,"Normal"
"CTAAAGAATGCCTACT-1",5,"Normal"
"CTAAATCCGGTGTACA-1",0,"Normal"
"CTAACCGCGCGCCCGT-1",5,"Normal"
"CTAACTGGTCCGGTTC-1",0,"Normal"
"CTAAGGGAATGATTGG-1",1,"Tumor"
"CTAATTCGCACGCGCT-1",0,"Normal"
"CTAATTTCAACAACAC-1",0,"Normal"
"CTACAAGAAATAACCC-1",0,"Normal"
"CTACGACTAGCTATAA-1",0,"Normal"
"CTACGCACGGAGTACC-1",0,"Normal"
"CTACTATCATAGGTTT-1",0,"Normal"
"CTACTCAAGGTATAGT-1",0,"Normal"
"CTACTCTAGGCCCGGC-1",0,"Normal"
"CTACTGCCACCTGACC-1",4,"Normal"
"CTAGATTTACGACGGC-1",1,"Tumor"
"CTAGGCGCCCTATCAG-1",1,"Tumor"
"CTAGGTTCGGACGTGA-1",1,"Tumor"
"CTAGTCACGTCTTAAG-1",1,"Tumor"
"CTAGTGAAGGACAGGA-1",5,"Normal"
"CTAGTTACAACCCGGT-1",1,"Tumor"
"CTAGTTGGGCCCGGTA-1",8,"Normal"
"CTATAGGCGTTGATGT-1",2,"Normal"
"CTATCGACGAAATACA-1",1,"Tumor"
"CTATGTCACTAGCCCA-1",8,"Normal"
"CTATGTCTATTGAAAC-1",6,"Normal"
"CTATTCATGTGTCCCA-1",1,"Tumor"
"CTCAAACCACTGCCCG-1",0,"Normal"
"CTCACATTTACTAAAT-1",1,"Tumor"
"CTCACTTGGCTGGTAA-1",2,"Normal"
"CTCAGGACTCACCTGT-1",0,"Normal"
"CTCATGGTAATTTGCG-1",0,"Normal"
"CTCATTGCTCTAACAA-1",1,"Tumor"
"CTCATTTGATGGGCGG-1",6,"Normal"
"CTCCCTCCTTTCGATC-1",0,"Normal"
"CTCCGCCCACATGAGG-1",0,"Normal"
"CTCCGGCCTAATATGC-1",0,"Normal"
"CTCCTAAGTTATGTCT-1",6,"Normal"
"CTCCTCCAGCTCACAC-1",2,"Normal"
"CTCGAGGTCGAACAGT-1",4,"Normal"
"CTCGCACCTATATAGT-1",4,"Normal"
"CTCGCCGAATGTAGGG-1",1,"Tumor"
"CTCGGGTTCTCTGGCC-1",6,"Normal"
"CTCGGTACCACTGCTC-1",1,"Tumor"
"CTCGGTCCGTAGCCTG-1",2,"Normal"
"CTCGGTTGTCGGCCCT-1",0,"Normal"
"CTCGTTACGGCTACCA-1",2,"Normal"
"CTCTATTTGGCTGCAG-1",1,"Tumor"
"CTCTCTAACTGCCTAG-1",2,"Normal"
"CTCTGCGAAGCAAGCA-1",2,"Normal"
"CTCTGGACGCCTGGTG-1",2,"Normal"
"CTCTTCTGGAAGTTAG-1",0,"Normal"
"CTCTTGTCCCGCTTGG-1",1,"Tumor"
"CTGAATCCGAGACCTC-1",7,"Normal"
"CTGAGCAAGTAACAAG-1",0,"Normal"
"CTGCACAACTACATAT-1",1,"Tumor"
"CTGCACCTGGAACCGC-1",0,"Normal"
"CTGCACTCCAGTACAG-1",1,"Tumor"
"CTGCCTTTAATACCTT-1",2,"Normal"
"CTGCGGGTGAAATGTT-1",0,"Normal"
"CTGCTGAGGCCACGAA-1",0,"Normal"
"CTGCTTGGCGATAGCT-1",1,"Tumor"
"CTGGAAATGGATGCTT-1",4,"Normal"
"CTGGAAGACACGGTGG-1",1,"Tumor"
"CTGGCATCCGAATGAG-1",2,"Normal"
"CTGGCGCACAGGTCTG-1",4,"Normal"
"CTGGCGGGAATAAGTA-1",0,"Normal"
"CTGGCTGGTTGTCAGT-1",1,"Tumor"
"CTGGGCCTGCTATATC-1",5,"Normal"
"CTGGGTAGGCAGTTAA-1",1,"Tumor"
"CTGGTAACACATAGAA-1",1,"Tumor"
"CTGGTTCAACGCATCA-1",0,"Normal"
"CTGGTTTCGAGCAAGA-1",1,"Tumor"
"CTGTAGCCATCTCACT-1",6,"Normal"
"CTGTAGTGAGGATCGA-1",2,"Normal"
"CTGTATGGTGTAGAAA-1",0,"Normal"
"CTGTGCAGGGTAGGTC-1",1,"Tumor"
"CTGTTCACTGCCTGTG-1",0,"Normal"
"CTGTTCATCTCACGGG-1",0,"Normal"
"CTTACACGGTATTCCA-1",4,"Normal"
"CTTACACTGGGAAATA-1",0,"Normal"
"CTTAGTTGAGGAATCG-1",2,"Normal"
"CTTATGTTGACTACCA-1",0,"Normal"
"CTTCAACTCCACTTGG-1",1,"Tumor"
"CTTCAGTGGTCGCCTA-1",0,"Normal"
"CTTCATAGCTCAAGAA-1",0,"Normal"
"CTTCCGCTCCGTGAAG-1",6,"Normal"
"CTTCGTAGATAGGTGA-1",4,"Normal"
"CTTCTATGTTGAAGTA-1",5,"Normal"
"CTTCTGGGCGTACCTA-1",0,"Normal"
"CTTCTTACGTCGTATA-1",2,"Normal"
"CTTGAGTTAGGGTAAT-1",4,"Normal"
"CTTGCAACCGCCTCCT-1",0,"Normal"
"CTTGCCCAGGCTCTAC-1",0,"Normal"
"CTTGGCCAAGCTGGGA-1",1,"Tumor"
"CTTGTACTTGTTGACT-1",0,"Normal"
"CTTGTCAACATTCGAG-1",1,"Tumor"
"CTTGTGAGTCTTTGAC-1",0,"Normal"
"CTTGTTTATGTAGCCA-1",0,"Normal"
"CTTTAACTTTCAAAGG-1",4,"Normal"
"CTTTAATATTGGTCGA-1",1,"Tumor"
"CTTTACCGAATAGTAG-1",1,"Tumor"
"CTTTAGGAACACTGTT-1",1,"Tumor"
"CTTTCTGTGCGGGCTT-1",1,"Tumor"
"CTTTGGCTTTAGTAAA-1",5,"Normal"
"CTTTGGGATTGTTGCA-1",0,"Normal"
"GAAACAGATGACCACC-1",4,"Normal"
"GAAACAGCCATGCAGT-1",7,"Normal"
"GAAACCGAATTACCTT-1",6,"Normal"
"GAAACCTATACAAATG-1",2,"Normal"
"GAAACTCGTGCGATGC-1",0,"Normal"
"GAAAGCAGTGCACTTT-1",2,"Normal"
"GAAAGCCCTTTGGACC-1",0,"Normal"
"GAAAGTGACTAACTGC-1",0,"Normal"
"GAAATACTAAACGTTT-1",2,"Normal"
"GAAATATCACCATCAG-1",0,"Normal"
"GAAATGGCGGTGTTAG-1",4,"Normal"
"GAAATTCACATCGCTG-1",0,"Normal"
"GAAATTGTCTCTATAA-1",2,"Normal"
"GAACACACATCAACCA-1",0,"Normal"
"GAACAGATTACTAAAT-1",1,"Tumor"
"GAACCCTCTGTGTTCT-1",1,"Tumor"
"GAACGACCGAATGATA-1",6,"Normal"
"GAAGAAACGATATTGT-1",0,"Normal"
"GAAGAACGGTGCAGGT-1",0,"Normal"
"GAAGCCTGCACATTCC-1",1,"Tumor"
"GAAGCGTGAGGAATTT-1",6,"Normal"
"GAAGCTCGGACCCGTC-1",6,"Normal"
"GAAGCTTGCTGACCGC-1",0,"Normal"
"GAAGGAGTCGAGTGCG-1",7,"Normal"
"GAAGTCTCCCTAGCGA-1",4,"Normal"
"GAAGTGATTTATCGTG-1",7,"Normal"
"GAAGTGCTGGATAGCT-1",4,"Normal"
"GAAGTTTCCACTCAAT-1",4,"Normal"
"GAATAGACGCGACCCA-1",1,"Tumor"
"GAATAGTGCTCGATTA-1",0,"Normal"
"GAATCGACATGGTCAC-1",0,"Normal"
"GAATCGCCGGACACGG-1",0,"Normal"
"GAATCTGAACATTCTC-1",1,"Tumor"
"GAATGTGGTCCGGATT-1",1,"Tumor"
"GAATGTTGGGTAATCT-1",4,"Normal"
"GAATTTCTCGCTGCAG-1",0,"Normal"
"GACAACGCAGCTTACG-1",0,"Normal"
"GACACAAGGGAAGAAA-1",8,"Normal"
"GACACGAGTTAGAGGA-1",0,"Normal"
"GACACTGAGTTCAGTG-1",6,"Normal"
"GACAGCCAGACCTGAC-1",1,"Tumor"
"GACAGGCACACACTAT-1",0,"Normal"
"GACCAGAGCCCTGTAG-1",4,"Normal"
"GACCCAATTATGATAC-1",0,"Normal"
"GACCGACTGAAGCGTC-1",0,"Normal"
"GACGACGATCCGCGTT-1",1,"Tumor"
"GACGCCGTAAAGGCTA-1",7,"Normal"
"GACGCCTGTTGCAGGG-1",0,"Normal"
"GACGCTTGCTTCTAAA-1",5,"Normal"
"GACGGGTTGGCCCGTA-1",2,"Normal"
"GACGTGAGACTCCATG-1",2,"Normal"
"GACGTGTAGGGATTAT-1",0,"Normal"
"GACTAAGATCATGCAC-1",2,"Normal"
"GACTAAGTAGGCTCAC-1",0,"Normal"
"GACTACAAAGCGGTGG-1",0,"Normal"
"GACTGCAAATCGAGCT-1",1,"Tumor"
"GACTGCACCAGCCCAG-1",1,"Tumor"
"GACTGCTGGTGAGAAA-1",2,"Normal"
"GAGACTGATGGGTAGA-1",4,"Normal"
"GAGACTTCGCGACCGA-1",1,"Tumor"
"GAGAGGGCGCGAGGTT-1",4,"Normal"
"GAGAGGTGCATTCTGG-1",5,"Normal"
"GAGATCTGCTTGGCAT-1",4,"Normal"
"GAGATCTTCCATGACA-1",1,"Tumor"
"GAGATGGGAGTCGACA-1",1,"Tumor"
"GAGCACCTGTGTCCAG-1",1,"Tumor"
"GAGCATCAACAACTTG-1",2,"Normal"
"GAGCATCATCCCTGGG-1",0,"Normal"
"GAGCCACGGTAGTAGG-1",0,"Normal"
"GAGCCAGCTACCTGTG-1",1,"Tumor"
"GAGCGAGGGAGTACCG-1",2,"Normal"
"GAGCGCGCACGAGTAG-1",1,"Tumor"
"GAGCGCTGTTAGGTAA-1",0,"Normal"
"GAGCGGAATGCGGTGT-1",2,"Normal"
"GAGCTCTCGGACCTAA-1",7,"Normal"
"GAGGAATGGAGAGGTT-1",0,"Normal"
"GAGGCCCGACTCCGCA-1",0,"Normal"
"GAGGCTATCAAAGTCG-1",0,"Normal"
"GAGGGAGTCAGATCGC-1",0,"Normal"
"GAGGGCATCGCGTATC-1",0,"Normal"
"GAGGGTAGTAACAAAG-1",0,"Normal"
"GAGGTCCCAAAGATCT-1",0,"Normal"
"GAGTACGGGTATACAA-1",5,"Normal"
"GAGTAGATACTAGTTG-1",1,"Tumor"
"GAGTCAGACCAGAATC-1",6,"Normal"
"GAGTCCGCTTACCGGA-1",0,"Normal"
"GAGTGTGCGGTACCCA-1",1,"Tumor"
"GAGTTGATGGCAATTT-1",6,"Normal"
"GATAAATCGGTGGATG-1",2,"Normal"
"GATAACTCGCACTGTG-1",4,"Normal"
"GATAAGGCAGATGCAA-1",2,"Normal"
"GATACGATGGGAGTCA-1",2,"Normal"
"GATAGAACCCGCTAGG-1",0,"Normal"
"GATAGGTAACGTTGAC-1",7,"Normal"
"GATAGTGCGAGTAAGT-1",0,"Normal"
"GATATCTCATGCAATA-1",6,"Normal"
"GATATGAGACACTAAC-1",1,"Tumor"
"GATCAACATAAAGGGA-1",0,"Normal"
"GATCATTCCAAACATT-1",4,"Normal"
"GATCCCTTTATACTGC-1",4,"Normal"
"GATCCGGGAATTAACA-1",1,"Tumor"
"GATCCTCGACACTGGC-1",2,"Normal"
"GATCGACACTATCTGA-1",5,"Normal"
"GATCGCGGGCTCTCCA-1",7,"Normal"
"GATCGCTATATCTCAG-1",6,"Normal"
"GATCGGTGGCCATAAC-1",8,"Normal"
"GATCGTGACTGATATC-1",1,"Tumor"
"GATCTTGGAGGGCATA-1",1,"Tumor"
"GATCTTTGCAGGGTAT-1",5,"Normal"
"GATGACAAGTAGGGCA-1",0,"Normal"
"GATGCTACAAGCGCCT-1",0,"Normal"
"GATGCTACCTTCGATG-1",7,"Normal"
"GATGCTGTATTTCATC-1",1,"Tumor"
"GATGGCGCACACATTA-1",0,"Normal"
"GATGTAACGAACCACC-1",1,"Tumor"
"GATGTCCGGATCACAT-1",0,"Normal"
"GATGTTCAATCCACGA-1",2,"Normal"
"GATGTTTGTGCGAGAT-1",0,"Normal"
"GATTACTGAATTTGGG-1",5,"Normal"
"GATTCCCTTGTCGCAG-1",4,"Normal"
"GATTCCTATACGGCGC-1",0,"Normal"
"GATTCGACGGTTCACG-1",1,"Tumor"
"GATTGCTCCAGTTGCA-1",0,"Normal"
"GCAAACCCTACATTAT-1",1,"Tumor"
"GCAAACCTTGGCCATA-1",1,"Tumor"
"GCAAATATTACGCTTT-1",5,"Normal"
"GCAACCACGGCCGCGT-1",5,"Normal"
"GCAAGAATTCCTTGGC-1",0,"Normal"
"GCAAGTGCACAGAGAA-1",0,"Normal"
"GCAAGTGTAAAGCATG-1",0,"Normal"
"GCACGCCTACTTAGAT-1",2,"Normal"
"GCACTAGTCGCGCTAT-1",5,"Normal"
"GCACTGTGCAAATGTA-1",0,"Normal"
"GCAGATCCATAAGACT-1",1,"Tumor"
"GCAGCACACAGCCCAG-1",4,"Normal"
"GCAGCGGTGGGCATTA-1",2,"Normal"
"GCAGGACTATAGAATA-1",5,"Normal"
"GCATCCCTAACTTTGA-1",0,"Normal"
"GCATTGTAATTCATAT-1",2,"Normal"
"GCCACAATTTAAGGAC-1",6,"Normal"
"GCCATCGAGCTGCGTG-1",7,"Normal"
"GCCCACCAAGGCTGTC-1",2,"Normal"
"GCCCAGTTGGTATGCC-1",0,"Normal"
"GCCCGACTTCTTCCCG-1",0,"Normal"
"GCCCGATCTGTGGTCG-1",1,"Tumor"
"GCCCGCGCGTAAACGG-1",4,"Normal"
"GCCCGCGCGTTTGACA-1",2,"Normal"
"GCCCGTAATACCTTCT-1",4,"Normal"
"GCCGAAATTCCTACGT-1",4,"Normal"
"GCCGACCCACGACTGC-1",0,"Normal"
"GCCGCTTGTGAGAAAC-1",5,"Normal"
"GCCGGGTTAGGGTCGC-1",2,"Normal"
"GCCGGTCGTATCTCTC-1",2,"Normal"
"GCCTAGCGATCTGACC-1",0,"Normal"
"GCCTATTCCGATATAG-1",0,"Normal"
"GCCTATTTGCTACACA-1",0,"Normal"
"GCCTCATCTGGAAATA-1",4,"Normal"
"GCCTCTATACATAGCA-1",1,"Tumor"
"GCCTTCAGCCCTACCG-1",0,"Normal"
"GCGAAACTTAACTGGA-1",1,"Tumor"
"GCGAAGCCATACCCGT-1",4,"Normal"
"GCGACCCAACCATCTG-1",0,"Normal"
"GCGAGGCCCGAGCAGA-1",4,"Normal"
"GCGATTGTTAACGTTA-1",1,"Tumor"
"GCGCAAATATATTCAA-1",0,"Normal"
"GCGCCGTTCCACGATA-1",1,"Tumor"
"GCGCGGTCTAGTAACT-1",0,"Normal"
"GCGCGTCATTGGTACA-1",1,"Tumor"
"GCGCTATGCCGAGGCA-1",0,"Normal"
"GCGGACCGCGTTGTGG-1",7,"Normal"
"GCGGAGAAACTTCGCA-1",0,"Normal"
"GCGGAGAGGGAGAACG-1",1,"Tumor"
"GCGGCAAAGTATTGCC-1",0,"Normal"
"GCGGCTCTGACGTACC-1",5,"Normal"
"GCGGGAACCAGGCCCT-1",0,"Normal"
"GCGGGCGAGCCTTACC-1",6,"Normal"
"GCGGTCCCTAGACGCA-1",2,"Normal"
"GCGGTTCCCTATCATG-1",2,"Normal"
"GCGTCCCTAAGACATA-1",0,"Normal"
"GCGTCGAAATGTCGGT-1",4,"Normal"
"GCGTCGCCAGGGTGAT-1",1,"Tumor"
"GCGTCTCTGCATTGGG-1",4,"Normal"
"GCTAAACCTGAGGTGA-1",0,"Normal"
"GCTAAGTAGTTTCTCT-1",7,"Normal"
"GCTAATACCGAATGCC-1",2,"Normal"
"GCTACGACTTATTGGG-1",1,"Tumor"
"GCTAGCTTGAATAGCT-1",7,"Normal"
"GCTAGGCACCACGGAG-1",1,"Tumor"
"GCTAGTTTCATTGAGG-1",0,"Normal"
"GCTATACGTCTCGGAC-1",1,"Tumor"
"GCTATCATACTCATGG-1",1,"Tumor"
"GCTATCGCGGCGCAAC-1",6,"Normal"
"GCTCAATCCGTTTATT-1",2,"Normal"
"GCTCAATGTAATACCG-1",1,"Tumor"
"GCTCCATGCAAAGCAA-1",0,"Normal"
"GCTCCTGACATACTGG-1",2,"Normal"
"GCTCTAAACCCTGACG-1",2,"Normal"
"GCTCTATGTTACGTGC-1",0,"Normal"
"GCTCTCGGGTACCGAA-1",5,"Normal"
"GCTCTTTCCGCTAGTG-1",2,"Normal"
"GCTGAATCTTCCAATC-1",6,"Normal"
"GCTGCACGGTTTCTTA-1",1,"Tumor"
"GCTGCTAAGTAGTCGA-1",1,"Tumor"
"GCTGCTACTGCGTAGC-1",1,"Tumor"
"GCTGCTCTCCGGACAC-1",4,"Normal"
"GCTGGCATATTCACCT-1",0,"Normal"
"GCTGGCGGCGCATGCT-1",1,"Tumor"
"GCTGTATTACTGGCCC-1",6,"Normal"
"GCTGTTGCTACCGAAC-1",4,"Normal"
"GCTTAATGTAACTAAC-1",1,"Tumor"
"GCTTATGAAGCAGGAA-1",8,"Normal"
"GCTTGATGATAATCAG-1",0,"Normal"
"GGAACCGTGTAAATTG-1",7,"Normal"
"GGAACCTTGACTCTGC-1",0,"Normal"
"GGACCAACAGGATAAC-1",1,"Tumor"
"GGACCTCTAGGCCGCC-1",0,"Normal"
"GGACTCGACAGCGCAT-1",2,"Normal"
"GGACTCGTGAGTGGTC-1",0,"Normal"
"GGAGAAGTCATTGGCA-1",0,"Normal"
"GGAGACGACACCTTTG-1",1,"Tumor"
"GGAGTGCCGCCCTGGA-1",0,"Normal"
"GGATACTCATGAATTG-1",2,"Normal"
"GGATCCGGAATATACT-1",6,"Normal"
"GGATCTTACTGCCCTT-1",0,"Normal"
"GGATGAAGATCGCTGA-1",4,"Normal"
"GGATGACGCGAGTTTA-1",4,"Normal"
"GGATGCTGGCGTTCCT-1",2,"Normal"
"GGATGTCCTTACCGCA-1",8,"Normal"
"GGATTCAGTACGGTGG-1",0,"Normal"
"GGATTTCACTTCTATA-1",8,"Normal"
"GGCAAAGGCGCCAATA-1",2,"Normal"
"GGCAAATTACTTTACT-1",2,"Normal"
"GGCAAGCCCATAGTGG-1",7,"Normal"
"GGCAAGGCGAAATAGC-1",1,"Tumor"
"GGCAATAGTCAATGAG-1",8,"Normal"
"GGCACTCCACTGGGCA-1",4,"Normal"
"GGCATACAGGTAGCGG-1",5,"Normal"
"GGCCCTCACCCACTTA-1",0,"Normal"
"GGCCGAGACTCTGGTG-1",0,"Normal"
"GGCCGTTTGGGTTTCA-1",0,"Normal"
"GGCGAAATCTAACTTG-1",1,"Tumor"
"GGCGCAGGACATCTTC-1",0,"Normal"
"GGCGCATGAATTGATG-1",2,"Normal"
"GGCGCGTTCGAGTTTA-1",2,"Normal"
"GGCGCTTCATTCCCTG-1",8,"Normal"
"GGCGGAGTAATATTAG-1",4,"Normal"
"GGCGGTAGGATCATTG-1",4,"Normal"
"GGCGTCCTATCCGCTG-1",0,"Normal"
"GGCTACTATACACTCC-1",0,"Normal"
"GGCTATTAAGTTGTAT-1",5,"Normal"
"GGCTCCTCCACCTGTT-1",0,"Normal"
"GGCTCGTGCCACCAGC-1",0,"Normal"
"GGCTGGCTAGCTTAAA-1",6,"Normal"
"GGCTTTCAATAAGGGT-1",1,"Tumor"
"GGGAACGGGAGGTTAG-1",4,"Normal"
"GGGAACGGTTTCAGAT-1",6,"Normal"
"GGGACAGAGTTACTCC-1",4,"Normal"
"GGGACCCGTATATCTT-1",4,"Normal"
"GGGACTGCATAGATAG-1",2,"Normal"
"GGGAGAACTCACAGTA-1",4,"Normal"
"GGGAGGATGCCCGAAA-1",0,"Normal"
"GGGAGTAATGGCTGGC-1",2,"Normal"
"GGGATGGTCGTAACCG-1",7,"Normal"
"GGGATTTACCGCACCT-1",1,"Tumor"
"GGGCAACCGCACGTGC-1",7,"Normal"
"GGGCACGTAGTACTGT-1",2,"Normal"
"GGGCAGAGCAATCGTT-1",1,"Tumor"
"GGGCCCGTCTTAAACA-1",2,"Normal"
"GGGCGATATGTGTGAA-1",4,"Normal"
"GGGCGGCAAATGAATT-1",7,"Normal"
"GGGCGGGTTCCCTACG-1",5,"Normal"
"GGGCGGTCCTATTGTC-1",0,"Normal"
"GGGCGTACATTTATAT-1",2,"Normal"
"GGGCTATGATCGATGG-1",6,"Normal"
"GGGCTGGTTAGTCGCG-1",4,"Normal"
"GGGTACCCACGGTCCT-1",2,"Normal"
"GGGTACTTCATGAACT-1",5,"Normal"
"GGGTATGTATGCACTT-1",0,"Normal"
"GGGTCACCGTGACGGT-1",4,"Normal"
"GGGTCAGGAGCTAGAT-1",2,"Normal"
"GGGTGACACCTTAACT-1",0,"Normal"
"GGGTTAACATTTGAGT-1",6,"Normal"
"GGTAACCGGGAGGATA-1",0,"Normal"
"GGTAACTATGTATCTG-1",2,"Normal"
"GGTACAAACATGCTAT-1",6,"Normal"
"GGTAGAAGACCGCCTG-1",1,"Tumor"
"GGTATTGCCGAGTTTA-1",7,"Normal"
"GGTCACGTTAGATTCA-1",6,"Normal"
"GGTCAGTGGGTCCCAC-1",4,"Normal"
"GGTCGGCCAGGAGCTT-1",4,"Normal"
"GGTCGGTAATTAGACA-1",0,"Normal"
"GGTCGTAAGCTCGCAC-1",5,"Normal"
"GGTCTCTGAATGGACT-1",6,"Normal"
"GGTCTGAGAATCTGGA-1",8,"Normal"
"GGTGAAACCGGGAATG-1",2,"Normal"
"GGTGAACGGGCTAGCC-1",6,"Normal"
"GGTGAAGTACAGGGAT-1",6,"Normal"
"GGTGAGATGCAGATAA-1",0,"Normal"
"GGTGATAAGGAGCAGT-1",1,"Tumor"
"GGTGATTTCATCTTGT-1",0,"Normal"
"GGTGCATAAATGATTA-1",0,"Normal"
"GGTGCGGATAAGTGGC-1",0,"Normal"
"GGTGCTGATCACAAAG-1",0,"Normal"
"GGTGCTGGTACACATT-1",0,"Normal"
"GGTGGACTGCTCTGGC-1",1,"Tumor"
"GGTGTAGGTAAGTAAA-1",2,"Normal"
"GGTTACCACCCTCGGG-1",5,"Normal"
"GGTTAGCTATATGTCT-1",1,"Tumor"
"GGTTAGGCTTGGAGAA-1",0,"Normal"
"GGTTAGTTACGGCGCC-1",0,"Normal"
"GGTTTAATTACCATCG-1",0,"Normal"
"GGTTTGAGTGCTGGAA-1",5,"Normal"
"GTAACTGCCCAAGGAG-1",0,"Normal"
"GTAACTTGCGGCAGTC-1",0,"Normal"
"GTAAGCGGGCAGTCAG-1",5,"Normal"
"GTAAGTAACAGTCTGG-1",1,"Tumor"
"GTAAGTAGGGTATACC-1",0,"Normal"
"GTAATCTGATTCTTCG-1",7,"Normal"
"GTACGACGGCGCTGCG-1",0,"Normal"
"GTACGAGATTGCGACA-1",0,"Normal"
"GTACGCTTCATTGCAC-1",1,"Tumor"
"GTACGTTTGCCCGTCA-1",1,"Tumor"
"GTACTAAGATTTGGAG-1",4,"Normal"
"GTACTCCCTTATCGCT-1",0,"Normal"
"GTACTGAGGTCGTAAC-1",0,"Normal"
"GTACTGCATGAAGCGT-1",0,"Normal"
"GTACTGGAGTTAGACC-1",6,"Normal"
"GTACTTGGGCACTTCT-1",0,"Normal"
"GTAGACACGCCTGACT-1",1,"Tumor"
"GTAGACGTCGTTACAT-1",0,"Normal"
"GTAGAGGGAGACAAGT-1",0,"Normal"
"GTAGCCAAACATGGGA-1",1,"Tumor"
"GTAGCGGCTATACACT-1",1,"Tumor"
"GTAGCTCCGGGAGGCT-1",6,"Normal"
"GTAGTCGCGGGAATCA-1",1,"Tumor"
"GTAGTTCGAAGGCGAA-1",0,"Normal"
"GTATAGGACTCAGTAG-1",0,"Normal"
"GTATCAGCTTGGGTTC-1",2,"Normal"
"GTATCTCAGTCTTGAC-1",6,"Normal"
"GTATGAAATTTCACTC-1",0,"Normal"
"GTATGTGGGTCTAGTT-1",4,"Normal"
"GTATTAAGGCGTCTAA-1",6,"Normal"
"GTATTCTGAGAAACGA-1",6,"Normal"
"GTCAAAGTTTACATAG-1",0,"Normal"
"GTCAAGCGGACTCGGG-1",1,"Tumor"
"GTCAATTGTACTGAAG-1",0,"Normal"
"GTCACTCTCCAAATCT-1",0,"Normal"
"GTCAGAATAGTCTATG-1",0,"Normal"
"GTCATGCACCTCCGTT-1",4,"Normal"
"GTCATGGACATGACTA-1",4,"Normal"
"GTCATTAGAGCGAACG-1",1,"Tumor"
"GTCCAATATTTAGCCT-1",0,"Normal"
"GTCCAGGCACGTGTGC-1",7,"Normal"
"GTCCCGCGACGTTATG-1",1,"Tumor"
"GTCCGGACCTGAAATT-1",1,"Tumor"
"GTCCGGCTGAATTGCG-1",5,"Normal"
"GTCCTACGAATAGTCT-1",1,"Tumor"
"GTCGCGTAACCCGTTG-1",1,"Tumor"
"GTCGGATATCTCAGAC-1",2,"Normal"
"GTCGGGAAGCAGAAAC-1",1,"Tumor"
"GTCGTCAATTATAAGG-1",0,"Normal"
"GTCGTTATTCGCTTAT-1",1,"Tumor"
"GTCTATCTGAGTTTCT-1",4,"Normal"
"GTCTATTGGTTCCGGT-1",1,"Tumor"
"GTCTCAAGGCCCGGCT-1",1,"Tumor"
"GTCTGGGCGGTCGAGA-1",2,"Normal"
"GTGAAACGTGCTCCAC-1",0,"Normal"
"GTGACCGCACACTACG-1",4,"Normal"
"GTGACTTCAGTAGTGC-1",6,"Normal"
"GTGAGATAACCTTATA-1",6,"Normal"
"GTGAGCGTGCTGCACT-1",0,"Normal"
"GTGAGGACACTTAAGG-1",1,"Tumor"
"GTGATCATAGATCTGC-1",2,"Normal"
"GTGATTCGCCGCTCAA-1",2,"Normal"
"GTGCACCAGCTTCAAC-1",0,"Normal"
"GTGCCATCACACGGTG-1",5,"Normal"
"GTGCCGCTTCAAAGGT-1",6,"Normal"
"GTGCGAAATCGAACAC-1",2,"Normal"
"GTGCGGGACCATCGGC-1",6,"Normal"
"GTGCGGGTCTCCAAAT-1",0,"Normal"
"GTGCGTGTATATGAGC-1",1,"Tumor"
"GTGCTCAAGTACTGTC-1",7,"Normal"
"GTGGACCAACCCGATT-1",5,"Normal"
"GTGGACGCATTTGTCC-1",1,"Tumor"
"GTGGACGTGCTGAGAC-1",0,"Normal"
"GTGGAGTCGGCGGTTG-1",2,"Normal"
"GTGGCAAACAGCGGCA-1",0,"Normal"
"GTGGCGGTCCCAGCGT-1",5,"Normal"
"GTGGGCTTAGACACAC-1",0,"Normal"
"GTGGTATAGTCTGCCG-1",6,"Normal"
"GTGGTGGCCAAGTGAA-1",1,"Tumor"
"GTGGTTTCCGCCTTTC-1",5,"Normal"
"GTGTATATCAGCGGGC-1",1,"Tumor"
"GTGTATGACTTTAAAG-1",6,"Normal"
"GTGTCAGTGTACGTGG-1",0,"Normal"
"GTGTCGTATAGCGTTC-1",1,"Tumor"
"GTGTTACTATGCGTCC-1",1,"Tumor"
"GTTAAAGTAGGACTGG-1",1,"Tumor"
"GTTAACATCACTTAAA-1",1,"Tumor"
"GTTACAATTGGTGACG-1",5,"Normal"
"GTTACCTACAACTTGC-1",1,"Tumor"
"GTTACTTTGGGCCTAG-1",0,"Normal"
"GTTCACAGGAGTCTAG-1",0,"Normal"
"GTTCCAGTCTGACCAT-1",0,"Normal"
"GTTCCGTCCGCCTGCA-1",7,"Normal"
"GTTCGCCATAAGTGCC-1",2,"Normal"
"GTTCGTCTAAAGAACT-1",1,"Tumor"
"GTTCTTCCCTCGATGT-1",0,"Normal"
"GTTGAACCGGTTCCAT-1",2,"Normal"
"GTTGCACGGAGTTTCG-1",2,"Normal"
"GTTGGATTTGCGTTGG-1",7,"Normal"
"GTTGGTCATGCTATCC-1",1,"Tumor"
"GTTGTCGTGTTAGTTG-1",0,"Normal"
"GTTTCATATCGTCGCT-1",2,"Normal"
"GTTTCCTGGAGGGTGA-1",5,"Normal"
"GTTTCTGCAGTCTCCC-1",1,"Tumor"
"GTTTGACCAAATCCTA-1",4,"Normal"
"GTTTGGCCCAAGTTAT-1",1,"Tumor"
"GTTTGGCCGCTCAGCG-1",0,"Normal"
"GTTTGGGCTTGTGAGC-1",1,"Tumor"
"GTTTGGTAGGGTCAAC-1",1,"Tumor"
"GTTTGGTGATCGGTGC-1",2,"Normal"
"TAAACCCAGGAGGGCA-1",2,"Normal"
"TAAAGAGCCCGAAACC-1",0,"Normal"
"TAAAGCGGTATTTCCA-1",2,"Normal"
"TAAATGAATCCGTTTC-1",6,"Normal"
"TAACAAAGGGAGAAGC-1",0,"Normal"
"TAACAGCGTTTGTGCT-1",2,"Normal"
"TAACATACAATGTGGG-1",1,"Tumor"
"TAACATACACGCGATC-1",0,"Normal"
"TAACCGCCCGCAGTGC-1",0,"Normal"
"TAACGCTTTGAGAGCG-1",0,"Normal"
"TAACTATCGAAGGTCC-1",0,"Normal"
"TAACTCATCCGCGCGG-1",0,"Normal"
"TAACTCCATGGAGGCT-1",0,"Normal"
"TAAGCAGGCGACACGC-1",6,"Normal"
"TAAGGAACTTGTGGGA-1",0,"Normal"
"TAAGGCATAACATCAA-1",6,"Normal"
"TAAGTCGCCGAGTATC-1",2,"Normal"
"TAATACACAGTAGTAT-1",2,"Normal"
"TAATAGAACAGAGTTA-1",2,"Normal"
"TAATATTGAAATTCGC-1",0,"Normal"
"TAATTAGATGGATATG-1",0,"Normal"
"TACAACGCACAACTCA-1",7,"Normal"
"TACAAGTCTCGTGCAT-1",0,"Normal"
"TACATTTCTAACGTGC-1",6,"Normal"
"TACCAAATAGCCCAGA-1",1,"Tumor"
"TACCAATAAAGTACCA-1",1,"Tumor"
"TACCAGGAATCCCGTC-1",6,"Normal"
"TACCGGTCGTTTCCAT-1",5,"Normal"
"TACCGTAGGTTAACTA-1",1,"Tumor"
"TACCGTGCCTCGGACC-1",1,"Tumor"
"TACCTACTCCCAGTAT-1",1,"Tumor"
"TACCTCACGCTTGTAC-1",0,"Normal"
"TACCTCAGTTGTCTGT-1",2,"Normal"
"TACCTCCACACCAATG-1",2,"Normal"
"TACCTGCTGCACTGTG-1",0,"Normal"
"TACCTTAAGATTTCCC-1",5,"Normal"
"TACGAACACGACTTCA-1",4,"Normal"
"TACGACGCTTGCTGCG-1",6,"Normal"
"TACGAGAACTTCACGT-1",5,"Normal"
"TACGATGTTGATCATC-1",5,"Normal"
"TACGCCATATTCTAAT-1",7,"Normal"
"TACGCCGAGGGTACCC-1",0,"Normal"
"TACGCCTCCATTCCGA-1",1,"Tumor"
"TACGTACTAGTGCTGA-1",2,"Normal"
"TACGTGCACTATGCTG-1",0,"Normal"
"TACGTTTACCGGCAAT-1",5,"Normal"
"TACTATGGTTCCTCAG-1",6,"Normal"
"TACTCCTCTAGTTGAC-1",0,"Normal"
"TACTCTTTCGTCTTCA-1",0,"Normal"
"TACTGAACAGATTTAG-1",6,"Normal"
"TACTGGACAGCTCGGC-1",0,"Normal"
"TACTTGTTAGTAGTCC-1",7,"Normal"
"TACTTTCCGCACGCCA-1",5,"Normal"
"TAGAAAGGTGGCGCTA-1",4,"Normal"
"TAGAGATCATGCAACT-1",5,"Normal"
"TAGAGCTACGAAGAAC-1",0,"Normal"
"TAGAGTCTAAGCGAAC-1",4,"Normal"
"TAGATTCAAAGTGCGG-1",6,"Normal"
"TAGATTCCTGGTTATT-1",0,"Normal"
"TAGCAACCTGTCACAA-1",0,"Normal"
"TAGCCATTTCAAAGTC-1",1,"Tumor"
"TAGCCGGCGGTCAGCG-1",4,"Normal"
"TAGCGTCCGGTGTGGT-1",1,"Tumor"
"TAGCGTTGGGTCTTAC-1",1,"Tumor"
"TAGCTAAGTCCGGGAG-1",4,"Normal"
"TAGCTAGAAGGCATGA-1",7,"Normal"
"TAGCTAGTGATGATGG-1",2,"Normal"
"TAGGGTGTTTCAAGAG-1",0,"Normal"
"TAGGTCCAAGTAAGGA-1",0,"Normal"
"TAGGTGAGCCCTACTC-1",6,"Normal"
"TAGGTGCTCGCCTAGC-1",1,"Tumor"
"TAGGTGTTCCACAGAT-1",1,"Tumor"
"TAGGTTCGAGTTCGTC-1",1,"Tumor"
"TAGTACCTTAGTGGTC-1",2,"Normal"
"TAGTAGCTTATACCAG-1",0,"Normal"
"TAGTCCCGGAGACCAC-1",0,"Normal"
"TAGTCCGCAGAGAATG-1",6,"Normal"
"TAGTCGATCACGGGTT-1",1,"Tumor"
"TAGTCTAACAACGAGA-1",5,"Normal"
"TAGTGCCCTCCAGAGT-1",7,"Normal"
"TAGTTTATTCTTGCTT-1",6,"Normal"
"TATAAATCCACAAGCT-1",2,"Normal"
"TATAAGTGAGGATAGC-1",0,"Normal"
"TATACACGCAAAGTAT-1",0,"Normal"
"TATACGCGTCATCACT-1",1,"Tumor"
"TATAGAGTCGCTTGAA-1",0,"Normal"
"TATAGGGTACTCATGA-1",6,"Normal"
"TATATAGGGCTTTACG-1",0,"Normal"
"TATATATCGAGAAATG-1",0,"Normal"
"TATCCAATTGGTTATC-1",1,"Tumor"
"TATCCATATCATGCGA-1",0,"Normal"
"TATCCGCACCGTCGGG-1",2,"Normal"
"TATCCTATCAACTGGT-1",0,"Normal"
"TATCCTGCATGGGAAT-1",0,"Normal"
"TATCGATGATTAAACG-1",2,"Normal"
"TATCTACAGAGGTAAT-1",0,"Normal"
"TATCTACCACAGCGGG-1",5,"Normal"
"TATGAAGACAGGTGCG-1",0,"Normal"
"TATGCTCCCTACTTAC-1",5,"Normal"
"TATGGATGTGCTACGC-1",5,"Normal"
"TATGGCCCGGCCTCGC-1",0,"Normal"
"TATGGGTACGTATCGT-1",2,"Normal"
"TATGTAAAGTGCTTAA-1",0,"Normal"
"TATGTCTCATTGTGCC-1",8,"Normal"
"TATTAACCTGACCGCG-1",6,"Normal"
"TATTACCATCCTGCTT-1",4,"Normal"
"TATTCCGAGCTGTTAT-1",1,"Tumor"
"TATTCCTCCGCCCACT-1",2,"Normal"
"TATTTAGTCTAGATCG-1",0,"Normal"
"TATTTGTTACCCTTTA-1",5,"Normal"
"TCAAACAACCGCGTCG-1",5,"Normal"
"TCAAACTTAGATTGTT-1",8,"Normal"
"TCAAATTTGAGACTCA-1",1,"Tumor"
"TCAACAAAGATAATTC-1",2,"Normal"
"TCAACACATTGGGTAA-1",0,"Normal"
"TCAACATAGCGCCCTA-1",2,"Normal"
"TCAACCATGTTCGGGC-1",2,"Normal"
"TCAACGAGGAGACAAA-1",2,"Normal"
"TCAACGCAGGAAATAA-1",2,"Normal"
"TCAACGCGACCGGCAG-1",0,"Normal"
"TCAACTAACGTATAAC-1",0,"Normal"
"TCACAGGAGAATAAGA-1",6,"Normal"
"TCACAGGGAATCGCAA-1",1,"Tumor"
"TCACAGGTTATTGGGC-1",4,"Normal"
"TCACATCTTATCTGAT-1",6,"Normal"
"TCACGATGTCCGTGGA-1",2,"Normal"
"TCACGCATTGTAGATC-1",4,"Normal"
"TCACGGTCATCGCACA-1",5,"Normal"
"TCAGACGCTATAGAAG-1",1,"Tumor"
"TCAGCAAATGCATCTC-1",4,"Normal"
"TCAGCAGTAGGCCCTG-1",0,"Normal"
"TCAGGTTCTTTGAGAA-1",6,"Normal"
"TCAGTACTGACCCGCG-1",0,"Normal"
"TCAGTAGGGACTATAA-1",6,"Normal"
"TCAGTGTATACGTCAT-1",0,"Normal"
"TCATACTTACAGATCC-1",0,"Normal"
"TCATATGAGCTTTGTT-1",1,"Tumor"
"TCATCACTCGAGCTCG-1",0,"Normal"
"TCATCGATGGTCCCAA-1",0,"Normal"
"TCCAACTTTAAATTCT-1",7,"Normal"
"TCCAATAAAGGCTACC-1",2,"Normal"
"TCCACAATGGTTTACG-1",0,"Normal"
"TCCACCTCTAGCCTTT-1",2,"Normal"
"TCCACTTTATCTAGGT-1",4,"Normal"
"TCCAGAGCACCGGTTC-1",1,"Tumor"
"TCCAGGCGAGTACGGT-1",7,"Normal"
"TCCAGGGTATATACGA-1",1,"Tumor"
"TCCCAAAGACGAAGGA-1",5,"Normal"
"TCCCAGCTTTAGTCTG-1",2,"Normal"
"TCCCAGGCTTAGCTAA-1",4,"Normal"
"TCCCGGGTGTGCTGCT-1",5,"Normal"
"TCCCGGTCAGGAATTT-1",0,"Normal"
"TCCCGTGTGCAATTTG-1",1,"Tumor"
"TCCCTGGCTCGCTGGA-1",0,"Normal"
"TCCGAACTTGGCTTAC-1",2,"Normal"
"TCCGAGAAGGCTAAGC-1",6,"Normal"
"TCCGATAATTGCCATA-1",7,"Normal"
"TCCGATGGTGCGACAT-1",5,"Normal"
"TCCGATTACATTGCCG-1",0,"Normal"
"TCCGCCTGTCTACAAG-1",1,"Tumor"
"TCCGCTGTCATCCCGG-1",1,"Tumor"
"TCCGCTTATCCCATTA-1",1,"Tumor"
"TCCTAAATTGGGAAGC-1",1,"Tumor"
"TCCTAACCGTCGGGCA-1",0,"Normal"
"TCCTACATCCACGGCC-1",1,"Tumor"
"TCCTAGCAAAGAAGCT-1",2,"Normal"
"TCCTCCTAAGACATTC-1",0,"Normal"
"TCCTCGGGCTGGGCTT-1",1,"Tumor"
"TCCTCTACGAGATGGC-1",0,"Normal"
"TCCTCTCCAGTTGTCC-1",0,"Normal"
"TCCTGCGTTGATACTC-1",2,"Normal"
"TCCTTACGACGGTCCG-1",1,"Tumor"
"TCCTTTCTTACGCTTA-1",4,"Normal"
"TCGAAATTTAGGACCA-1",5,"Normal"
"TCGAATATCCCGCAGG-1",0,"Normal"
"TCGAGACCAACACCGT-1",7,"Normal"
"TCGAGCCAGGCAGGCC-1",2,"Normal"
"TCGATAGGCTAGTCGC-1",2,"Normal"
"TCGCAAAGATGCATTT-1",1,"Tumor"
"TCGCACCAGGAGGCAG-1",1,"Tumor"
"TCGCATCCCTAAGTGT-1",0,"Normal"
"TCGCATTCAATGACTT-1",0,"Normal"
"TCGCCGAAGTTGCGTC-1",6,"Normal"
"TCGCCGGTCGATCCGT-1",6,"Normal"
"TCGCGTCCAGAAGGTC-1",0,"Normal"
"TCGCTCGATATATTCC-1",4,"Normal"
"TCGCTGTGCGTAAATC-1",0,"Normal"
"TCGGAATGCGCTCTGA-1",0,"Normal"
"TCGGAGAGTATCGGGA-1",2,"Normal"
"TCGGGAGACAGCGTAC-1",1,"Tumor"
"TCGGGCCGTCGTGGTA-1",1,"Tumor"
"TCGGGTGAAACTGCTA-1",0,"Normal"
"TCGGTCCCGACAATAG-1",6,"Normal"
"TCGTAAGACGACATTG-1",4,"Normal"
"TCGTACCGACGTCAAG-1",2,"Normal"
"TCGTATAGTGCAATTA-1",0,"Normal"
"TCGTATTACCCATTGC-1",0,"Normal"
"TCGTCAAGTACGCGCA-1",2,"Normal"
"TCGTCCGCTGGCGTCT-1",0,"Normal"
"TCGTCTTAGGCGTTAA-1",1,"Tumor"
"TCGTGTACTATGGATG-1",1,"Tumor"
"TCGTGTCACGCTGACA-1",0,"Normal"
"TCGTTGCTATCCGGTC-1",6,"Normal"
"TCGTTGGCTCGTCAAT-1",0,"Normal"
"TCTAATACTGCCTCAG-1",2,"Normal"
"TCTACCGTCCACAAGC-1",4,"Normal"
"TCTAGCAATCTCCGCC-1",5,"Normal"
"TCTAGCATCTTCGATG-1",7,"Normal"
"TCTAGCATGCCCAGAA-1",1,"Tumor"
"TCTAGTTATCAGAAGA-1",7,"Normal"
"TCTATCATGCAGTTAC-1",0,"Normal"
"TCTATCGGTCGCAACA-1",6,"Normal"
"TCTATTACGCTGGCGA-1",0,"Normal"
"TCTCATGAGATAGGGT-1",1,"Tumor"
"TCTCCCTGGGCAGCGT-1",1,"Tumor"
"TCTCTAATAGCTGGTA-1",0,"Normal"
"TCTCTTACCGCGAACC-1",0,"Normal"
"TCTGAACCGGTCGGCT-1",0,"Normal"
"TCTGAACTCGTACCCG-1",1,"Tumor"
"TCTGAAGCACGTGGTC-1",1,"Tumor"
"TCTGATGTATTCTGTC-1",1,"Tumor"
"TCTGCCAGAAACTGCA-1",1,"Tumor"
"TCTGGGAACCTTTGAA-1",8,"Normal"
"TCTGGGTAGCGCTCAT-1",4,"Normal"
"TCTGTCATACAAGAGC-1",2,"Normal"
"TCTGTTACCCAGCATA-1",0,"Normal"
"TCTTACAGAGGTACCG-1",0,"Normal"
"TCTTACGGCATCCGAC-1",0,"Normal"
"TCTTCGAATAGACGTT-1",1,"Tumor"
"TCTTCGATACCAATAA-1",4,"Normal"
"TCTTGGTAACACCAAA-1",7,"Normal"
"TGAAAGGACCTGACTC-1",2,"Normal"
"TGAACAAGCAGGGACT-1",2,"Normal"
"TGAATGAGTGTTTCCC-1",0,"Normal"
"TGACATGTAACGTGAC-1",7,"Normal"
"TGACCAAATCTTAAAC-1",7,"Normal"
"TGACCCACGTTAGACA-1",4,"Normal"
"TGACGAATATTTCCCT-1",0,"Normal"
"TGACTATAATCCTTTC-1",1,"Tumor"
"TGAGAATGCTTTACCG-1",2,"Normal"
"TGAGCAGTCGTGAAGT-1",0,"Normal"
"TGAGCCATACAGTCTC-1",5,"Normal"
"TGAGCGGAAAGTGTTC-1",1,"Tumor"
"TGAGGAGTGCCAGCTT-1",1,"Tumor"
"TGAGGTGTGTGGCGGA-1",2,"Normal"
"TGAGTAAATTAGCGTA-1",0,"Normal"
"TGAGTGCCTCTTAAAT-1",6,"Normal"
"TGAGTGGTCCGTGACG-1",8,"Normal"
"TGATCACCACACTGAC-1",0,"Normal"
"TGATCAGGGAACTGCT-1",2,"Normal"
"TGATCGGTTTGACCCT-1",5,"Normal"
"TGATCTCCGGCGCCAG-1",5,"Normal"
"TGATTCCCGGTTACCT-1",2,"Normal"
"TGATTCGTCTATCACT-1",7,"Normal"
"TGATTCTGTCGCCGGT-1",7,"Normal"
"TGATTTATTAGCTGTG-1",5,"Normal"
"TGATTTCCTCCTGACG-1",0,"Normal"
"TGCAAGAATGACGTAA-1",4,"Normal"
"TGCAGAACTATATCGT-1",0,"Normal"
"TGCAGAGTACCGAGCA-1",4,"Normal"
"TGCATATGTCTGTCAC-1",6,"Normal"
"TGCATGTGACCCATAG-1",6,"Normal"
"TGCATGTGGTAATCTA-1",8,"Normal"
"TGCCAAAGTCAGACTT-1",2,"Normal"
"TGCCAGTACGTGGAGA-1",1,"Tumor"
"TGCCCGTACCGTTAAA-1",1,"Tumor"
"TGCCGGATGTACGAGC-1",0,"Normal"
"TGCCGTGGATCGTCCT-1",1,"Tumor"
"TGCCTTGGCCAGGCAA-1",1,"Tumor"
"TGCGACACCCTAGTGC-1",2,"Normal"
"TGCGACGGCCGAACGT-1",0,"Normal"
"TGCGAGAATATTACCC-1",2,"Normal"
"TGCGCAAAGCATTTGG-1",8,"Normal"
"TGCGCGATTAACGGAG-1",0,"Normal"
"TGCGGAGTAAAGGTGC-1",7,"Normal"
"TGCGGCATAGTTCAAC-1",0,"Normal"
"TGCGTAAGAACCTGAT-1",2,"Normal"
"TGCGTCATGACTGAGC-1",0,"Normal"
"TGCGTTTGTTGACACT-1",1,"Tumor"
"TGCTAAGTGTCTATTT-1",1,"Tumor"
"TGCTCCACAGTTCTTA-1",1,"Tumor"
"TGCTCGGCGAAACCCA-1",1,"Tumor"
"TGCTGGTTGGACAATT-1",0,"Normal"
"TGCTTAGAGAGAATGC-1",6,"Normal"
"TGCTTCCCAAGCAGTA-1",1,"Tumor"
"TGGAAGAAGGGAACGT-1",5,"Normal"
"TGGAAGACGAACACCA-1",0,"Normal"
"TGGACGCAATCCAGCC-1",7,"Normal"
"TGGACTGTTCGCTCAA-1",1,"Tumor"
"TGGAGTGATGCGATGA-1",5,"Normal"
"TGGCAAGCACAAGTCG-1",0,"Normal"
"TGGCAGATTACGATCA-1",2,"Normal"
"TGGCCGTATATTGACC-1",0,"Normal"
"TGGCGACTGCTCCAAA-1",6,"Normal"
"TGGCGGTGTGCGATTG-1",0,"Normal"
"TGGCTTTGGGTAGACA-1",0,"Normal"
"TGGGAAATGCCTTTCC-1",0,"Normal"
"TGGGCACAAACAGAAC-1",0,"Normal"
"TGGGCCCATACTAATT-1",1,"Tumor"
"TGGGCGATACAATAAG-1",0,"Normal"
"TGGTCCCACGCTACGG-1",1,"Tumor"
"TGGTCTGTTGGGCGTA-1",2,"Normal"
"TGGTTCAACGGGTAAT-1",1,"Tumor"
"TGGTTCGTAGCAAAGG-1",2,"Normal"
"TGTACTGTGCCAAAGT-1",6,"Normal"
"TGTAGGAGAAATTTCC-1",8,"Normal"
"TGTAGTGATCTATAAT-1",5,"Normal"
"TGTATAACAGATCCTG-1",8,"Normal"
"TGTATCCTTATTCCAT-1",0,"Normal"
"TGTATGGCGCAGACAG-1",1,"Tumor"
"TGTCCTAAGTCACCGC-1",0,"Normal"
"TGTCTACAGTTTCTGT-1",0,"Normal"
"TGTGAGACTAGCCCAA-1",1,"Tumor"
"TGTGGCGGGCTTCTGG-1",0,"Normal"
"TGTGGTTGCTAAAGCT-1",7,"Normal"
"TGTGTCGCGAGTTGCA-1",0,"Normal"
"TGTGTTCGTATCCAAG-1",0,"Normal"
"TGTTATTGTATGTGGC-1",1,"Tumor"
"TGTTCCGCTTCCATGA-1",4,"Normal"
"TGTTCTTCCATTGACT-1",4,"Normal"
"TGTTTCGGTACTTCTC-1",2,"Normal"
"TTAAACCGGTAGCGAC-1",2,"Normal"
"TTAACACCTCGAACAT-1",0,"Normal"
"TTAACCAACCCTCCCT-1",0,"Normal"
"TTAACGTCGCAAGACC-1",0,"Normal"
"TTAACTTCAGGTAGGA-1",5,"Normal"
"TTAAGCGCCTGACCCA-1",5,"Normal"
"TTAAGGATACGGAGGT-1",2,"Normal"
"TTAAGGCCCGTACTTT-1",6,"Normal"
"TTAATGTAGACCAGGT-1",4,"Normal"
"TTACAACTACGCATCC-1",2,"Normal"
"TTACATCGTGGCCTGG-1",0,"Normal"
"TTACCATTGATTACCC-1",0,"Normal"
"TTACCCTAACAGTCCT-1",0,"Normal"
"TTACCCTAGGGATTGG-1",1,"Tumor"
"TTACGGTGTCACCGAG-1",6,"Normal"
"TTACTAAAGGACTTTA-1",1,"Tumor"
"TTACTCTGGTACGTAC-1",5,"Normal"
"TTACTGGGATATTTCA-1",2,"Normal"
"TTAGAAGAACATGACT-1",1,"Tumor"
"TTAGAATAAGGGTCGG-1",2,"Normal"
"TTAGACGAGTCACCTC-1",1,"Tumor"
"TTAGAGTTTAGAAGGA-1",1,"Tumor"
"TTAGCAACATGGATGT-1",0,"Normal"
"TTAGCTGATTTGCCGT-1",4,"Normal"
"TTAGGTCATAACCGAC-1",2,"Normal"
"TTAGTAGGGCGGCGGG-1",0,"Normal"
"TTAGTTATTCGTGGCA-1",1,"Tumor"
"TTATATACGCTGTCAC-1",1,"Tumor"
"TTATATTTGGCAATCC-1",4,"Normal"
"TTATCCAATCGAACTC-1",2,"Normal"
"TTATCCGGGATCTATA-1",1,"Tumor"
"TTATCCTCAAGGAATA-1",2,"Normal"
"TTATCTGTATCATAAC-1",0,"Normal"
"TTATGACAAACTGGAT-1",0,"Normal"
"TTATGCGTCCCGGTCC-1",0,"Normal"
"TTATGTTTGCGATAGA-1",2,"Normal"
"TTATTAGAGCGTGTTC-1",1,"Tumor"
"TTATTAGGGAAGCATC-1",2,"Normal"
"TTCAACGACCCGACCG-1",2,"Normal"
"TTCACGAAAGGATCAC-1",6,"Normal"
"TTCACTCGAGCACCTA-1",1,"Tumor"
"TTCACTTCCTAGAACG-1",2,"Normal"
"TTCAGCCCTGGTCCAC-1",1,"Tumor"
"TTCCGCGTGAGGCGAT-1",2,"Normal"
"TTCCGGTTACCCACTT-1",1,"Tumor"
"TTCCTCGAGGGTGTCT-1",2,"Normal"
"TTCCTCGGACTAACCA-1",1,"Tumor"
"TTCGACAGAGCCCGTG-1",1,"Tumor"
"TTCGACGGGAAGGGCG-1",5,"Normal"
"TTCGCACTCGCGTGCT-1",4,"Normal"
"TTCGCACTGTACGACA-1",1,"Tumor"
"TTCGCGCGCCATACGA-1",2,"Normal"
"TTCGGCTAGAGATGGT-1",0,"Normal"
"TTCGGGACTAATCGCG-1",1,"Tumor"
"TTCGGGCGCTAGTCTT-1",2,"Normal"
"TTCGGTACTGTAGAGG-1",0,"Normal"
"TTCGTACTCCAGAACG-1",0,"Normal"
"TTCTAACCGAAGCTTA-1",8,"Normal"
"TTCTACTTGCGAGGGC-1",0,"Normal"
"TTCTAGAAAGTCTTAT-1",0,"Normal"
"TTCTAGGCCAATTGTG-1",5,"Normal"
"TTCTATTAAACGCAGC-1",0,"Normal"
"TTCTGACCGGGCTCAA-1",1,"Tumor"
"TTCTGCCGCGCCTAGA-1",1,"Tumor"
"TTCTGCGGGTTAGCGG-1",1,"Tumor"
"TTCTTAGTGAACGGTG-1",0,"Normal"
"TTCTTAGTGGCTCAGA-1",2,"Normal"
"TTCTTGGACGATCTGC-1",0,"Normal"
"TTCTTGTAACCTAATG-1",0,"Normal"
"TTGAACGACGTGCTGA-1",8,"Normal"
"TTGAAGAATTCCCAGG-1",4,"Normal"
"TTGAATTCACGTGAGG-1",8,"Normal"
"TTGACATGAACGTGGA-1",5,"Normal"
"TTGACCGTGTTAATGA-1",0,"Normal"
"TTGACGATTCAGCACG-1",0,"Normal"
"TTGACTACCATATGGT-1",2,"Normal"
"TTGAGAAGTTTAGCAT-1",1,"Tumor"
"TTGAGAGTACTGCTAA-1",2,"Normal"
"TTGATCTAACTTTGTC-1",5,"Normal"
"TTGATTAGCTGTTTCT-1",0,"Normal"
"TTGATTATGCAGATGA-1",0,"Normal"
"TTGCACAATTCAGAAA-1",2,"Normal"
"TTGCACGGAGCAGCAC-1",2,"Normal"
"TTGCATGCTGATCACG-1",4,"Normal"
"TTGCCATAGCCCGCTC-1",0,"Normal"
"TTGCCCTGATCACGGG-1",5,"Normal"
"TTGCCGCTTTCTAGTA-1",4,"Normal"
"TTGCTGAAGGAACCAC-1",0,"Normal"
"TTGCTGATCATGTTCG-1",4,"Normal"
"TTGCTGCACCTATCCA-1",4,"Normal"
"TTGGAAGAATACAGTC-1",0,"Normal"
"TTGGACATGTGGCTTA-1",2,"Normal"
"TTGGAGTCTCCCTTCT-1",0,"Normal"
"TTGGATTGGGTACCAC-1",0,"Normal"
"TTGGCTCGCATGAGAC-1",0,"Normal"
"TTGGGAAGACGAGCCG-1",7,"Normal"
"TTGGTCACACTCGTAA-1",7,"Normal"
"TTGGTTGCGGTGCGCG-1",0,"Normal"
"TTGTAAGGACCTAAGT-1",5,"Normal"
"TTGTAATCCGTACTCG-1",7,"Normal"
"TTGTCGTTCAGTTACC-1",0,"Normal"
"TTGTGAACCTAATCCG-1",1,"Tumor"
"TTGTGCAGCCACGTCA-1",1,"Tumor"
"TTGTGGCCCTGACAGT-1",2,"Normal"
"TTGTGGTAGGAGGGAT-1",2,"Normal"
"TTGTGTATGCCACCAA-1",1,"Tumor"
"TTGTTAGCAAATTCGA-1",0,"Normal"
"TTGTTCAGTGTGCTAC-1",5,"Normal"
"TTGTTGTGTGTCAAGA-1",4,"Normal"
"TTGTTTCACATCCAGG-1",0,"Normal"
"TTGTTTCATTAGTCTA-1",0,"Normal"
"TTGTTTCCATACAACT-1",5,"Normal"
"TTGTTTGTGTAAATTC-1",0,"Normal"
