"sample","mutDriver_Protein_Change","mutRareDriver_Protein_Change","mutTumorPortalGene","fusionDriverGenes","mutCancerGeneCensus","TERT","BRAF_RAF_class","OurClass"
"TCGA-BJ-A0YZ-01A",NA,NA,NA,"PAX8_PPARG,PPARG_PAX8","AXIN1",NA,"Ras-like","Ras-like"
"TCGA-BJ-A0Z0-01A",NA,NA,"MAP3K1,PPP2R1A,PTEN","FGFR2_OFD1","FANCF,PPP2R1A,PTEN",NA,"Ras-like","Ras-like"
"TCGA-BJ-A0Z2-01A","HRAS:p.Q61R:61",NA,"HRAS",NA,"HRAS","C228T","Ras-like","Ras-like"
"TCGA-BJ-A0Z3-01A","BRAF:p.V600E:26",NA,"BRAF,CTNNB1",NA,"BRAF,CACNA1D,CTNNB1",NA,"Braf-like","Braf-like"
"TCGA-BJ-A0Z5-01A",NA,NA,NA,NA,NA,NA,NA,"Others"
"TCGA-BJ-A0Z9-01A","BRAF:p.V600E:20",NA,"BRAF",NA,"BRAF","C250T","Braf-like","Braf-like"
"TCGA-BJ-A0ZA-01A","NRAS:p.Q61R:102",NA,"NRAS,ZRANB3",NA,"LPP,NRAS",NA,"Ras-like","Ras-like"
"TCGA-BJ-A0ZB-01A","BRAF:p.V600E:38",NA,"BRAF,ELF3",NA,"BRAF,CSF3R,FANCD2",NA,"Braf-like","Braf-like"
"TCGA-BJ-A0ZC-01A",NA,NA,NA,NA,NA,NA,"Ras-like","Ras-like"
"TCGA-BJ-A0ZE-01A","KRAS:p.Q61R:34",NA,"KRAS",NA,"KRAS,MEN1,MITF",NA,"Ras-like","Ras-like"
"TCGA-BJ-A0ZG-01A","EIF1AX:p.G9D:63",NA,NA,NA,NA,NA,"Ras-like","Ras-like"
"TCGA-BJ-A0ZH-01A","BRAF:p.V600E:33",NA,"BRAF,SETD2",NA,"BRAF,BRCA2,SETD2",NA,"Braf-like","Braf-like"
"TCGA-BJ-A0ZJ-01A",NA,NA,NA,"CCDC6_RET",NA,NA,"Braf-like","RET-fusion"
"TCGA-BJ-A18Y-01A","HRAS:p.Q61K:49",NA,"HRAS",NA,"HRAS",NA,"Ras-like","Ras-like"
"TCGA-BJ-A18Z-01A","BRAF:p.V600E:20",NA,"BRAF",NA,"BRAF",NA,"Braf-like","Braf-like"
"TCGA-BJ-A190-01A",NA,NA,NA,NA,NA,NA,NA,"Others"
"TCGA-BJ-A191-01A",NA,NA,NA,NA,NA,NA,"Ras-like","Ras-like"
"TCGA-BJ-A192-01A",NA,NA,"KEAP1",NA,NA,NA,"Ras-like","Ras-like"
"TCGA-BJ-A28R-01A","BRAF:p.V600E:36",NA,"BRAF",NA,"BRAF,TPM3",NA,"Braf-like","Braf-like"
"TCGA-BJ-A28S-01A","BRAF:p.598_599insNIFLHEDLTVKIGDFGLA:35",NA,"BRAF",NA,"BRAF",NA,"Ras-like","Ras-like"
"TCGA-BJ-A28T-01A",NA,NA,"ATM",NA,"ATM",NA,"Braf-like","Braf-like"
"TCGA-BJ-A28V-01A",NA,NA,"NSD1,NUP210L","RPS2P32_THADA","JAK1,NSD1",NA,"Ras-like","Ras-like"
"TCGA-BJ-A28W-01A",NA,NA,NA,NA,NA,NA,NA,"Others"
"TCGA-BJ-A28X-01A","BRAF:p.V600E:29",NA,"BRAF",NA,"BRAF",NA,"Braf-like","Braf-like"
"TCGA-BJ-A28Z-01A",NA,NA,NA,"CCDC6_RET",NA,NA,"Braf-like","RET-fusion"
"TCGA-BJ-A290-01A","BRAF:p.V600E:23",NA,"BRAF,IL7R",NA,"BRAF,IL7R",NA,"Braf-like","Braf-like"
"TCGA-BJ-A291-01A",NA,NA,NA,NA,NA,NA,NA,"Others"
"TCGA-BJ-A2N7-01A","NRAS:p.Q61R:56",NA,"NRAS",NA,"ERG,NRAS",NA,"Ras-like","Ras-like"
"TCGA-BJ-A2N8-01A","NRAS:p.Q61R:60",NA,"NRAS",NA,"NRAS",NA,"Ras-like","Ras-like"
"TCGA-BJ-A2N9-01A",NA,NA,"TCP11L2",NA,"UBR5",NA,"Ras-like","Ras-like"
"TCGA-BJ-A2NA-01A","BRAF:p.V600E:18",NA,"BRAF",NA,"BRAF,NKX2-1,SLC34A2,WHSC1L1",NA,"Braf-like","Braf-like"
"TCGA-BJ-A2P4-01A","HRAS:p.Q61R:33",NA,"HRAS,MUC17",NA,"HRAS",NA,"Ras-like","Ras-like"
"TCGA-BJ-A3EZ-01A","BRAF:p.V600E:46",NA,"BRAF,PIK3CA",NA,"BRAF,PIK3CA","C228T","Braf-like","Braf-like"
"TCGA-BJ-A3F0-01A",NA,NA,NA,NA,"GNAS",NA,"Ras-like","Ras-like"
"TCGA-BJ-A3PR-01A","BRAF:p.V600E:6",NA,"BRAF",NA,"BRAF",NA,"Braf-like","Braf-like"
"TCGA-BJ-A3PT-01A","NRAS:p.Q61R:85","CHEK2:p.Y390*:8","NRAS",NA,"CHEK2,NRAS",NA,"Ras-like","Ras-like"
"TCGA-BJ-A3PU-01A","BRAF:p.V600E:38",NA,"BRAF",NA,"BRAF",NA,"Braf-like","Braf-like"
"TCGA-BJ-A45C-01A",NA,NA,NA,NA,NA,NA,NA,"Others"
"TCGA-BJ-A45D-01A","HRAS:p.Q61R:32",NA,"HRAS",NA,"HRAS",NA,"Ras-like","Ras-like"
"TCGA-BJ-A45E-01A",NA,NA,NA,NA,NA,NA,NA,"Others"
"TCGA-BJ-A45F-01A","NRAS:p.Q61R:31",NA,"NRAS",NA,"NRAS",NA,"Ras-like","Ras-like"
"TCGA-BJ-A45G-01A","NRAS:p.Q61R:52",NA,"NRAS",NA,"NRAS",NA,"Ras-like","Ras-like"
"TCGA-BJ-A45H-01A",NA,NA,NA,NA,NA,NA,NA,"Others"
"TCGA-BJ-A45I-01A","BRAF:p.V600E:7",NA,"BRAF",NA,"BRAF",NA,"Braf-like","Braf-like"
"TCGA-BJ-A45J-01A","BRAF:p.V600E:24",NA,"BRAF,MET",NA,"BRAF,LPP,MET",NA,"Braf-like","Braf-like"
"TCGA-BJ-A45K-01A",NA,NA,NA,"IGF2BP3_THADA",NA,NA,"Ras-like","Ras-like"
"TCGA-BJ-A4O8-01A","BRAF:p.V600E:21",NA,"BRAF",NA,"BRAF",NA,"Braf-like","Braf-like"
"TCGA-BJ-A4O9-01A","BRAF:p.V600E:30",NA,"AKT1,BRAF",NA,"AKT1,BRAF",NA,"Braf-like","Braf-like"
"TCGA-CE-A13K-01A",NA,NA,NA,"CCDC6_RET,RET_M1,RET_TAF3",NA,NA,"Braf-like","RET-fusion"
"TCGA-CE-A27D-01A",NA,NA,NA,"ETV6_NTRK3",NA,NA,"Braf-like","Braf-like"
"TCGA-CE-A3MD-01A",NA,NA,NA,"NTRK1_SSBP2,SSBP2_NTRK1",NA,NA,"Ras-like","Ras-like"
"TCGA-CE-A3ME-01A","BRAF:p.V600E:35",NA,"BRAF",NA,"BRAF",NA,"Braf-like","Braf-like"
"TCGA-CE-A481-01A",NA,NA,NA,"RET_TRIM27,TRIM27_RET",NA,NA,NA,"RET-fusion"
"TCGA-CE-A482-01A",NA,NA,NA,"NCOA4_RET",NA,NA,"Braf-like","RET-fusion"
"TCGA-CE-A483-01A",NA,NA,NA,NA,NA,NA,NA,"Others"
"TCGA-CE-A484-01A",NA,"CHEK2:p.N186S:6",NA,NA,"CHEK2,TFE3","C228T","Ras-like","Ras-like"
"TCGA-CE-A485-01A",NA,NA,NA,"RET_SPECC1L,SPECC1L_RET",NA,NA,"Braf-like","RET-fusion"
"TCGA-DE-A0XZ-01A","BRAF:p.V600E:22",NA,"BRAF,RSBN1L",NA,"BRAF,KDR",NA,"Braf-like","Braf-like"
"TCGA-DE-A0Y2-01A",NA,NA,NA,"BRAF_MACF1,MACF1_BRAF",NA,NA,"Braf-like","Braf-like"
"TCGA-DE-A0Y3-01B","BRAF:p.V600E:58",NA,"BRAF",NA,"BRAF",NA,"Braf-like","Braf-like"
"TCGA-DE-A2OL-01A",NA,NA,NA,"RPS2P32_THADA",NA,NA,"Ras-like","Ras-like"
"TCGA-DE-A3KN-01A",NA,NA,NA,"LOC100133308_RET,NCOA4_RET","MYC",NA,"Braf-like","RET-fusion"
"TCGA-DE-A4M8-01A",NA,NA,NA,NA,"KDR",NA,NA,"Others"
"TCGA-DE-A4M9-01A",NA,NA,NA,"PAX8_PPARG,PPARG_PAX8",NA,NA,"Ras-like","Ras-like"
"TCGA-DE-A4MA-01A",NA,NA,NA,NA,NA,NA,NA,"Others"
"TCGA-DE-A4MB-01A",NA,NA,NA,NA,NA,NA,NA,"Others"
"TCGA-DE-A4MC-01A",NA,NA,NA,NA,NA,NA,NA,"Others"
"TCGA-DE-A4MD-01A",NA,NA,NA,NA,NA,NA,NA,"Others"
"TCGA-DJ-A13L-01A","BRAF:p.V600E:10",NA,"BRAF,TBX3",NA,"BRAF",NA,"Braf-like","Braf-like"
"TCGA-DJ-A13M-01A","HRAS:p.Q61R:62",NA,"HRAS",NA,"HRAS",NA,"Ras-like","Ras-like"
"TCGA-DJ-A13O-01A","BRAF:p.V600E:14",NA,"BRAF",NA,"BRAF",NA,"Braf-like","Braf-like"
"TCGA-DJ-A13P-01A","BRAF:p.V600E:49",NA,"BRAF,MLL",NA,"BRAF,MLL",NA,"Braf-like","Braf-like"
"TCGA-DJ-A13R-01A",NA,NA,NA,NA,NA,NA,"Ras-like","Ras-like"
"TCGA-DJ-A13S-01A","NRAS:p.Q61R:124",NA,"NRAS",NA,"NRAS",NA,"Ras-like","Ras-like"
"TCGA-DJ-A13T-01A","BRAF:p.V600E:42",NA,"BRAF",NA,"BCL9,BRAF,NUMA1",NA,"Braf-like","Braf-like"
"TCGA-DJ-A13U-01A","BRAF:p.V600E:35",NA,"BRAF",NA,"BRAF",NA,"Braf-like","Braf-like"
"TCGA-DJ-A13V-01A","BRAF:p.V600E:33",NA,"BRAF",NA,"BRAF",NA,"Braf-like","Braf-like"
"TCGA-DJ-A13W-01A",NA,NA,NA,"FLJ10661_THADA",NA,NA,"Ras-like","Ras-like"
"TCGA-DJ-A13X-01A","BRAF:p.V600E:34",NA,"BRAF",NA,"BRAF",NA,"Braf-like","Braf-like"
"TCGA-DJ-A1QD-01A","BRAF:p.V600E:18",NA,"BRAF",NA,"BRAF",NA,"Braf-like","Braf-like"
"TCGA-DJ-A1QE-01A","BRAF:p.V600E:32",NA,"BRAF",NA,"BRAF",NA,"Braf-like","Braf-like"
"TCGA-DJ-A1QF-01A","BRAF:p.V600E:30",NA,"BRAF",NA,"BRAF",NA,"Braf-like","Braf-like"
"TCGA-DJ-A1QG-01A","NRAS:p.Q61R:55","CHEK2:p.L391F:26","NRAS",NA,"CDH11,CHEK2,NRAS",NA,"Ras-like","Ras-like"
"TCGA-DJ-A1QH-01A","BRAF:p.V600E:30",NA,"BRAF",NA,"BRAF",NA,"Braf-like","Braf-like"
"TCGA-DJ-A1QI-01A","BRAF:p.V600E:33",NA,"BRAF",NA,"BRAF","C250T","Braf-like","Braf-like"
"TCGA-DJ-A1QL-01A",NA,"PPM1D:p.C478fs:5","PPM1D","RPS2P32_THADA,TG_THADA","WRN",NA,"Ras-like","Ras-like"
"TCGA-DJ-A1QM-01A","BRAF:p.V600E:10",NA,"BRAF",NA,"BRAF",NA,"Braf-like","Braf-like"
"TCGA-DJ-A1QN-01A","BRAF:p.V600E:36",NA,"BRAF",NA,"BRAF",NA,"Braf-like","Braf-like"
"TCGA-DJ-A1QO-01A","BRAF:p.V600E:15",NA,"BRAF",NA,"BRAF,MN1","C228T","Braf-like","Braf-like"
"TCGA-DJ-A1QQ-01A","BRAF:p.V600E:25",NA,"BRAF",NA,"BRAF",NA,"Braf-like","Braf-like"
"TCGA-DJ-A2PN-01A","BRAF:p.V600E:28",NA,"BRAF",NA,"BRAF",NA,"Braf-like","Braf-like"
"TCGA-DJ-A2PO-01A","BRAF:p.V600E:41",NA,"BRAF",NA,"BRAF,SETBP1",NA,"Braf-like","Braf-like"
"TCGA-DJ-A2PP-01A","NRAS:p.Q61R:72",NA,"NRAS",NA,"NRAS",NA,"Ras-like","Ras-like"
"TCGA-DJ-A2PQ-01A","BRAF:p.V600E:19",NA,"BRAF",NA,"BRAF",NA,"Braf-like","Braf-like"
"TCGA-DJ-A2PR-01A","BRAF:p.V600E:20",NA,"AZGP1,BRAF",NA,"BRAF",NA,"Braf-like","Braf-like"
"TCGA-DJ-A2PS-01A","BRAF:p.V600E:18",NA,"BRAF",NA,"BRAF",NA,"Braf-like","Braf-like"
"TCGA-DJ-A2PT-01A","BRAF:p.V600E:23",NA,"BRAF",NA,"BRAF",NA,"Braf-like","Braf-like"
"TCGA-DJ-A2PU-01A","BRAF:p.V600E:35",NA,"BRAF,SMARCA4",NA,"BRAF,SMARCA4",NA,"Braf-like","Braf-like"
"TCGA-DJ-A2PV-01A","BRAF:p.V600E:22",NA,"BRAF",NA,"BRAF",NA,"Braf-like","Braf-like"
"TCGA-DJ-A2PW-01A","BRAF:p.V600E:33","PPM1D:p.N574fs:22","BRAF,MLL3,PPM1D",NA,"BRAF,HOOK3,MLL3",NA,"Braf-like","Braf-like"
"TCGA-DJ-A2PX-01A",NA,NA,NA,"AGK_BRAF,BRAF_AGK",NA,NA,"Braf-like","Braf-like"
"TCGA-DJ-A2PY-01A","BRAF:p.V600E:24",NA,"BRAF",NA,"BRAF",NA,"Braf-like","Braf-like"
"TCGA-DJ-A2PZ-01A","BRAF:p.V600E:18",NA,"BRAF",NA,"BRAF",NA,"Braf-like","Braf-like"
"TCGA-DJ-A2Q0-01A",NA,NA,NA,NA,NA,NA,"Ras-like","Ras-like"
"TCGA-DJ-A2Q1-01A",NA,NA,NA,"CCDC6_RET",NA,NA,"Braf-like","RET-fusion"
"TCGA-DJ-A2Q2-01A",NA,NA,"DNMT3A",NA,"ATP1A1,DNMT3A",NA,"Ras-like","Ras-like"
"TCGA-DJ-A2Q3-01A","BRAF:p.V600E:10",NA,"BRAF",NA,"BRAF",NA,"Braf-like","Braf-like"
"TCGA-DJ-A2Q4-01A","BRAF:p.V600E:19",NA,"BRAF",NA,"BRAF",NA,"Braf-like","Braf-like"
"TCGA-DJ-A2Q5-01A","BRAF:p.V600E:8",NA,"BRAF",NA,"BRAF",NA,"Braf-like","Braf-like"
"TCGA-DJ-A2Q6-01A","BRAF:p.V600E:27",NA,"BRAF",NA,"BRAF",NA,"Braf-like","Braf-like"
"TCGA-DJ-A2Q7-01A","BRAF:p.V600E:27",NA,"BRAF,ZFHX3",NA,"BRAF,FCGR2B",NA,"Braf-like","Braf-like"
"TCGA-DJ-A2Q9-01A","BRAF:p.V600E:3",NA,"BRAF,ZFHX3",NA,"BRAF",NA,"Braf-like","Braf-like"
"TCGA-DJ-A2QA-01A","BRAF:p.V600E:22",NA,"BRAF,MLL3",NA,"BRAF,MLL3",NA,"Braf-like","Braf-like"
"TCGA-DJ-A2QB-01A","HRAS:p.Q61R:15",NA,"HRAS",NA,"CDKN2C,HRAS",NA,"Ras-like","Ras-like"
"TCGA-DJ-A2QC-01A","BRAF:p.V600E:19",NA,"BRAF,SOS1",NA,"BRAF,BRIP1","C250T","Braf-like","Braf-like"
"TCGA-DJ-A3UK-01A","BRAF:p.V600E:41",NA,"BRAF,BRE",NA,"BRAF",NA,"Braf-like","Braf-like"
"TCGA-DJ-A3UM-01A","BRAF:p.V600E:29",NA,"BRAF",NA,"BRAF",NA,"Braf-like","Braf-like"
"TCGA-DJ-A3UN-01A","BRAF:p.V600E:35",NA,"BRAF",NA,"BRAF,GMPS,PLAG1,SYK,YWHAE",NA,"Braf-like","Braf-like"
"TCGA-DJ-A3UO-01A","BRAF:p.V600E:27",NA,"BRAF",NA,"BRAF",NA,"Braf-like","Braf-like"
"TCGA-DJ-A3UP-01A","NRAS:p.Q61R:88",NA,"NRAS",NA,"NRAS",NA,"Ras-like","Ras-like"
"TCGA-DJ-A3UQ-01A","BRAF:p.V600E:30",NA,"BRAF",NA,"BRAF",NA,"Braf-like","Braf-like"
"TCGA-DJ-A3UR-01A","BRAF:p.V600E:43",NA,"BRAF",NA,"BRAF,GNAS",NA,"Braf-like","Braf-like"
"TCGA-DJ-A3US-01A",NA,NA,NA,"ALK_STRN,STRN_ALK",NA,NA,"Ras-like","Ras-like"
"TCGA-DJ-A3UT-01A","NRAS:p.Q61R:96","TSHR:p.I640V:5","EZH1,NRAS",NA,"NRAS,TSHR",NA,"Ras-like","Ras-like"
"TCGA-DJ-A3UU-01A","BRAF:p.V600E:30",NA,"BRAF",NA,"BRAF",NA,"Braf-like","Braf-like"
"TCGA-DJ-A3UW-01A","BRAF:p.V600E:16",NA,"BRAF",NA,"BRAF","C250T","Braf-like","Braf-like"
"TCGA-DJ-A3UX-01A","BRAF:p.V600E:24",NA,"BRAF",NA,"BRAF,CACNA1D",NA,"Braf-like","Braf-like"
"TCGA-DJ-A3UY-01A","BRAF:p.V600E:20",NA,"BRAF",NA,"BRAF",NA,"Braf-like","Braf-like"
"TCGA-DJ-A3UZ-01A",NA,NA,NA,"BRAF_SND1,SND1_BRAF",NA,NA,NA,"Others"
"TCGA-DJ-A3V0-01A",NA,NA,NA,NA,NA,NA,NA,"Others"
"TCGA-DJ-A3V2-01A",NA,NA,NA,NA,NA,NA,NA,"Others"
"TCGA-DJ-A3V3-01A",NA,NA,NA,"CCDC6_RET",NA,NA,NA,"RET-fusion"
"TCGA-DJ-A3V4-01A",NA,NA,NA,NA,NA,NA,NA,"Others"
"TCGA-DJ-A3V5-01A",NA,NA,NA,NA,NA,NA,NA,"Others"
"TCGA-DJ-A3V7-01A","BRAF:p.V600E:48",NA,"BRAF,RB1",NA,"BRAF,RB1",NA,"Braf-like","Braf-like"
"TCGA-DJ-A3V8-01A",NA,NA,NA,NA,NA,NA,NA,"Others"
"TCGA-DJ-A3V9-01A",NA,NA,NA,NA,NA,NA,NA,"Others"
"TCGA-DJ-A3VA-01A","BRAF:p.V600E:34",NA,"BRAF",NA,"BRAF,TRRAP",NA,"Braf-like","Braf-like"
"TCGA-DJ-A3VB-01A","BRAF:p.V600E:29",NA,"BRAF",NA,"BRAF",NA,"Braf-like","Braf-like"
"TCGA-DJ-A3VD-01A",NA,NA,NA,NA,NA,NA,NA,"Others"
"TCGA-DJ-A3VE-01A","BRAF:p.V600E:39",NA,"APOL2,BRAF",NA,"BRAF",NA,"Braf-like","Braf-like"
"TCGA-DJ-A3VF-01A","BRAF:p.V600E:24",NA,"BRAF",NA,"BRAF",NA,"Braf-like","Braf-like"
"TCGA-DJ-A3VG-01A",NA,NA,NA,NA,NA,NA,NA,"Others"
"TCGA-DJ-A3VI-01A",NA,NA,NA,NA,NA,NA,NA,"Others"
"TCGA-DJ-A3VJ-01A","BRAF:p.V600E:44",NA,"AKT1,BRAF",NA,"AKT1,BRAF",NA,"Braf-like","Braf-like"
"TCGA-DJ-A3VK-01A","BRAF:p.598_599insKIGDFGLA:13",NA,"BRAF",NA,"BRAF",NA,"Ras-like","Ras-like"
"TCGA-DJ-A3VL-01A","BRAF:p.PTPQQ490del:4",NA,"BRAF,RASA1",NA,"BRAF",NA,"Ras-like","Ras-like"
"TCGA-DJ-A3VM-01A",NA,NA,NA,NA,NA,"C228A","Ras-like","Ras-like"
"TCGA-DJ-A4UL-01A","BRAF:p.V600E:25",NA,"BRAF",NA,"BRAF",NA,"Braf-like","Braf-like"
"TCGA-DJ-A4UP-01A",NA,NA,NA,"IRF2BP2_NTRK1",NA,NA,"Braf-like","Braf-like"
"TCGA-DJ-A4UQ-01A",NA,NA,NA,"CCDC6_RET,CCDC6_RETIRF2BP2_NTRK1",NA,NA,NA,"RET-fusion"
"TCGA-DJ-A4UR-01A",NA,NA,NA,NA,NA,NA,NA,"Others"
"TCGA-DJ-A4UT-01A",NA,NA,NA,"ALK_MALAT1,MALAT1_ALK",NA,NA,"Braf-like","Braf-like"
"TCGA-DJ-A4UW-01A","BRAF:p.V600E:23",NA,"APC,BRAF,NSD1",NA,"APC,BRAF,NSD1",NA,"Braf-like","Braf-like"
"TCGA-DJ-A4V0-01A",NA,NA,NA,"ETV6_NTRK3",NA,NA,"Ras-like","Ras-like"
"TCGA-DJ-A4V2-01A","BRAF:p.V600E:26",NA,"BRAF",NA,"BRAF,CD74,CLTCL1",NA,"Braf-like","Braf-like"
"TCGA-DJ-A4V4-01A","BRAF:p.V600E:17",NA,"BRAF",NA,"BRAF,MYST4",NA,"Braf-like","Braf-like"
"TCGA-DJ-A4V5-01A",NA,NA,NA,"CCDC6_RET",NA,NA,"Braf-like","RET-fusion"
"TCGA-DO-A1JZ-01A",NA,NA,"TP53BP1","CCDC6_RET",NA,NA,"Braf-like","RET-fusion"
"TCGA-DO-A1K0-01A","BRAF:p.V600E:41",NA,"BRAF,ZFHX3",NA,"BRAF",NA,"Braf-like","Braf-like"
"TCGA-DO-A2HM-01B","BRAF:p.V600E:2",NA,"ARID2,BRAF,CTCF",NA,"ARID2,BRAF,ERCC3,FBXO11",NA,"Braf-like","Braf-like"
"TCGA-E3-A3DY-01A","BRAF:p.V600E:45",NA,"BRAF,POLE",NA,"BRAF",NA,"Braf-like","Braf-like"
"TCGA-E3-A3DZ-01A","HRAS:p.Q61K:73",NA,"HRAS,NSD1",NA,"HRAS,NSD1",NA,"Ras-like","Ras-like"
"TCGA-E3-A3E0-01A",NA,NA,NA,"CCDC6_RET","BCL11A",NA,"Braf-like","RET-fusion"
"TCGA-E3-A3E1-01A","BRAF:p.V600E:42",NA,"BRAF",NA,"BRAF",NA,"Braf-like","Braf-like"
"TCGA-E3-A3E2-01A","BRAF:p.V600E:25",NA,"BRAF",NA,"BRAF",NA,"Braf-like","Braf-like"
"TCGA-E3-A3E3-01A","BRAF:p.V600E:24",NA,"BRAF,COL5A3,KDM6A",NA,"BRAF,KDM6A",NA,"Braf-like","Braf-like"
"TCGA-E3-A3E5-01A","BRAF:p.V600E:42",NA,"BRAF,CTNNB1",NA,"BRAF,CTNNB1",NA,"Braf-like","Braf-like"
"TCGA-E8-A242-01A","BRAF:p.V600E:25",NA,"ALPK2,BRAF",NA,"BRAF",NA,"Braf-like","Braf-like"
"TCGA-E8-A2EA-01A","BRAF:p.V600E:13",NA,"BRAF",NA,"BRAF",NA,"Braf-like","Braf-like"
"TCGA-E8-A2JQ-01A",NA,NA,NA,NA,NA,NA,NA,"Others"
"TCGA-E8-A3X7-01A",NA,NA,NA,NA,NA,NA,NA,"Others"
"TCGA-E8-A413-01A","BRAF:p.V600E:23",NA,"BRAF",NA,"BRAF",NA,"Braf-like","Braf-like"
"TCGA-E8-A414-01A",NA,NA,NA,NA,NA,NA,NA,"Others"
"TCGA-E8-A415-01A","BRAF:p.V600E:9",NA,"BRAF",NA,"BRAF,PDE4DIP",NA,"Braf-like","Braf-like"
"TCGA-E8-A416-01A",NA,NA,NA,NA,NA,NA,"Ras-like","Ras-like"
"TCGA-E8-A417-01A",NA,NA,NA,NA,NA,NA,NA,"Others"
"TCGA-E8-A418-01A","BRAF:p.V600E:46","PPM1D:p.L482fs:37","AKT1,BRAF,MLL,PPM1D",NA,"AKT1,BRAF,MLL","C228T","Braf-like","Braf-like"
"TCGA-E8-A419-01A","BRAF:p.V600E:28",NA,"BRAF,MLL",NA,"BRAF,MLL",NA,"Braf-like","Braf-like"
"TCGA-E8-A432-01A",NA,NA,NA,"ALK_EML4,EML4_ALK",NA,NA,NA,"Others"
"TCGA-E8-A433-01A","BRAF:p.V600E:43",NA,"BRAF,SF3B1",NA,"BRAF,RARA,SF3B1",NA,"Braf-like","Braf-like"
"TCGA-E8-A434-01A",NA,NA,NA,NA,NA,NA,NA,"Others"
"TCGA-E8-A436-01A","BRAF:p.V600E:5",NA,"BRAF",NA,"BRAF",NA,"Braf-like","Braf-like"
"TCGA-E8-A437-01A","BRAF:p.V600E:13",NA,"ALPK2,BRAF",NA,"BRAF",NA,"Braf-like","Braf-like"
"TCGA-E8-A438-01A",NA,NA,NA,"ETV6_NTRK3",NA,NA,NA,"Others"
"TCGA-E8-A44K-01A","BRAF:p.V600E:21",NA,"BRAF",NA,"BRAF,FANCG",NA,"Braf-like","Braf-like"
"TCGA-E8-A44M-01A",NA,NA,NA,"CCDC6_RET,RET_ANK3",NA,NA,"Braf-like","RET-fusion"
"TCGA-EL-A3CL-01A","BRAF:p.V600E:25",NA,"BRAF,ZFHX3",NA,"BRAF",NA,"Braf-like","Braf-like"
"TCGA-EL-A3CM-01A","BRAF:p.V600E:17",NA,"BRAF",NA,"BRAF",NA,"Braf-like","Braf-like"
"TCGA-EL-A3CN-01A","BRAF:p.V600E:40",NA,"ALPK2,BRAF",NA,"BRAF,NF2",NA,"Braf-like","Braf-like"
"TCGA-EL-A3CO-01A","EIF1AX:p.G9D:15",NA,NA,NA,NA,NA,"Ras-like","Ras-like"
"TCGA-EL-A3CP-01A","BRAF:p.V600E:35",NA,"BRAF",NA,"BRAF",NA,"Braf-like","Braf-like"
"TCGA-EL-A3CR-01A","BRAF:p.V600E:28",NA,"BRAF,DNMT3A",NA,"BRAF,DNMT3A","C228T","Braf-like","Braf-like"
"TCGA-EL-A3CS-01A","BRAF:p.V600E:27",NA,"BRAF",NA,"BRAF","C250T","Braf-like","Braf-like"
"TCGA-EL-A3CT-01A","BRAF:p.V600E:28",NA,"BRAF,CCDC6,DIS3,ERBB3,EZR,MBD1",NA,"BRAF,CCDC6,EZR",NA,"Braf-like","Braf-like"
"TCGA-EL-A3CU-01A","BRAF:p.V600E:22",NA,"BRAF",NA,"BRAF,PRDM16","C228T","Braf-like","Braf-like"
"TCGA-EL-A3CV-01A","BRAF:p.V600E:12",NA,"BRAF",NA,"BRAF",NA,"Braf-like","Braf-like"
"TCGA-EL-A3CW-01A","BRAF:p.V600E:3",NA,"BRAF",NA,"BRAF",NA,"Braf-like","Braf-like"
"TCGA-EL-A3CX-01A",NA,NA,"APC",NA,"APC",NA,"Ras-like","Ras-like"
"TCGA-EL-A3CY-01A",NA,NA,NA,"CCDC6_RET",NA,NA,"Braf-like","RET-fusion"
"TCGA-EL-A3CZ-01A","HRAS:p.Q61R:32",NA,"HRAS",NA,"HRAS",NA,"Ras-like","Ras-like"
"TCGA-EL-A3D0-01A","BRAF:p.V600E:65",NA,"BCOR,BRAF,MED23",NA,"BCOR,BRAF",NA,"Braf-like","Braf-like"
"TCGA-EL-A3D1-01A","BRAF:p.V600E:40",NA,"BRAF,IL7R",NA,"BRAF,IL7R",NA,NA,"Others"
"TCGA-EL-A3D4-01A",NA,NA,NA,NA,NA,NA,NA,"Others"
"TCGA-EL-A3D5-01A",NA,NA,"TP53",NA,"DICER1,TP53",NA,"Ras-like","Ras-like"
"TCGA-EL-A3D6-01A","BRAF:p.V600E:32",NA,"BRAF,TP53",NA,"BRAF,TP53",NA,"Braf-like","Braf-like"
"TCGA-EL-A3GO-01A",NA,NA,NA,NA,"DICER1",NA,"Ras-like","Ras-like"
"TCGA-EL-A3GP-01A","BRAF:p.V600E:24",NA,"BRAF",NA,"BRAF,USP6","C228T","Braf-like","Braf-like"
"TCGA-EL-A3GQ-01A","BRAF:p.V600E:33",NA,"BRAF",NA,"BRAF","C228T","Braf-like","Braf-like"
"TCGA-EL-A3GR-01A","BRAF:p.V600E:37",NA,"BRAF",NA,"BRAF",NA,"Braf-like","Braf-like"
"TCGA-EL-A3GS-01A","BRAF:p.V600E:29",NA,"BRAF",NA,"BRAF,SDC4",NA,"Braf-like","Braf-like"
"TCGA-EL-A3GU-01A","BRAF:p.V600E:25",NA,"BRAF",NA,"BCL9,BRAF,NIN,TTL","C228T","Braf-like","Braf-like"
"TCGA-EL-A3GV-01A","BRAF:p.V600E:44",NA,"BRAF,NF1",NA,"ATRX,BRAF,GOLGA5,NF1",NA,"Braf-like","Braf-like"
"TCGA-EL-A3GW-01A","NRAS:p.Q61R:80",NA,"NRAS",NA,"FANCG,NRAS",NA,"Ras-like","Ras-like"
"TCGA-EL-A3GX-01A","BRAF:p.V600E:30",NA,"BRAF",NA,"BRAF",NA,"Braf-like","Braf-like"
"TCGA-EL-A3GY-01A","BRAF:p.V600E:32",NA,"BRAF",NA,"ABL1,BRAF,ETV1",NA,"Braf-like","Braf-like"
"TCGA-EL-A3GZ-01A","BRAF:p.V600E:37",NA,"BRAF",NA,"BRAF,MSH2",NA,"Braf-like","Braf-like"
"TCGA-EL-A3H1-01A",NA,NA,"CHD4",NA,NA,NA,"Ras-like","Ras-like"
"TCGA-EL-A3H2-01A",NA,NA,NA,NA,"STAT5B",NA,"Ras-like","Ras-like"
"TCGA-EL-A3H3-01A",NA,NA,NA,"NCOA4_RET",NA,NA,"Braf-like","RET-fusion"
"TCGA-EL-A3H4-01A","BRAF:p.V600E:37",NA,"BRAF",NA,"BRAF",NA,"Braf-like","Braf-like"
"TCGA-EL-A3H5-01A","BRAF:p.V600E:25",NA,"BRAF",NA,"BRAF,BRCA2","C228T","Braf-like","Braf-like"
"TCGA-EL-A3H7-01A","BRAF:p.V600E:27",NA,"BRAF,MLL4",NA,"BRAF,SETBP1",NA,"Braf-like","Braf-like"
"TCGA-EL-A3H8-01A","BRAF:p.V600E:31",NA,"BRAF",NA,"BRAF,EBF1",NA,"Braf-like","Braf-like"
"TCGA-EL-A3MW-01A","BRAF:p.V600E:30",NA,"BRAF",NA,"BRAF",NA,"Braf-like","Braf-like"
"TCGA-EL-A3MX-01A","BRAF:p.V600E:25",NA,"BRAF",NA,"BRAF,ETV5","C228T","Braf-like","Braf-like"
"TCGA-EL-A3MY-01A","BRAF:p.V600E:12",NA,"BRAF",NA,"BRAF","C228T","Braf-like","Braf-like"
"TCGA-EL-A3MZ-01A","BRAF:p.V600E:39",NA,"ACVR2B,BRAF,PPP2R1A",NA,"BRAF,PPP2R1A,TERT","C228T","Braf-like","Braf-like"
"TCGA-EL-A3N2-01A","BRAF:p.V600E:37",NA,"BRAF",NA,"BRAF",NA,"Braf-like","Braf-like"
"TCGA-EL-A3N3-01A","BRAF:p.V600E:25",NA,"BRAF",NA,"BRAF,CLTCL1",NA,"Braf-like","Braf-like"
"TCGA-EL-A3T0-01A",NA,NA,NA,"AP3B1_BRAF,BRAF_AP3B1","LCK",NA,"Braf-like","Braf-like"
"TCGA-EL-A3T1-01A","BRAF:p.V600E:40",NA,"BRAF,CUX1",NA,"BRAF,FH,ROS1",NA,"Braf-like","Braf-like"
"TCGA-EL-A3T2-01A","NRAS:p.Q61R:69",NA,"NRAS,STAG2",NA,"NRAS,STAG2,WHSC1L1",NA,"Ras-like","Ras-like"
"TCGA-EL-A3T3-01A","BRAF:p.V600E:31",NA,"BRAF,ERBB2,IRF4",NA,"BRAF,ERBB2,IRF4,MLLT4",NA,"Braf-like","Braf-like"
"TCGA-EL-A3T6-01A","BRAF:p.V600E:24",NA,"BRAF",NA,"BRAF",NA,"Braf-like","Braf-like"
"TCGA-EL-A3T7-01A","BRAF:p.V600E:45",NA,"BRAF",NA,"BRAF",NA,"Braf-like","Braf-like"
"TCGA-EL-A3T8-01A","BRAF:p.V600E:31",NA,"BRAF",NA,"BRAF",NA,"Braf-like","Braf-like"
"TCGA-EL-A3T9-01A",NA,NA,NA,"C12orf12_RET,ERC1_RET","NTRK3","C228T","Braf-like","RET-fusion"
"TCGA-EL-A3TA-01A","BRAF:p.V600E:10",NA,"BRAF",NA,"BRAF",NA,"Braf-like","Braf-like"
"TCGA-EL-A3TB-01A",NA,NA,"COL5A1","CCDC6_RET","RBM15",NA,"Braf-like","RET-fusion"
"TCGA-EL-A3ZG-01A",NA,NA,NA,NA,NA,NA,NA,"Others"
"TCGA-EL-A3ZH-01A","NRAS:p.Q61R:57",NA,"MLL,NRAS",NA,"MLL,NRAS",NA,"Ras-like","Ras-like"
"TCGA-EL-A3ZK-01A",NA,NA,NA,"BRAF_SND1,SND1_BRAF",NA,NA,"Braf-like","Braf-like"
"TCGA-EL-A3ZL-01A",NA,NA,NA,NA,NA,NA,NA,"Others"
"TCGA-EL-A3ZM-01A",NA,NA,NA,NA,NA,NA,NA,"Others"
"TCGA-EL-A3ZN-01A",NA,NA,NA,"ETV6_NTRK3",NA,NA,"Braf-like","Braf-like"
"TCGA-EL-A3ZO-01A",NA,NA,NA,NA,NA,NA,NA,"Others"
"TCGA-EL-A3ZP-01A",NA,NA,NA,"CCDC6_RET",NA,NA,NA,"RET-fusion"
"TCGA-EL-A3ZQ-01A","BRAF:p.V600E:17",NA,"BRAF",NA,"BRAF",NA,"Braf-like","Braf-like"
"TCGA-EL-A3ZR-01A","HRAS:p.Q61R:80",NA,"HRAS",NA,"HRAS",NA,"Ras-like","Ras-like"
"TCGA-EL-A3ZS-01A",NA,NA,NA,"CCDC6_RET",NA,NA,NA,"RET-fusion"
"TCGA-EL-A3ZT-01A","BRAF:p.V600E:49",NA,"BRAF",NA,"BRAF,TFE3",NA,"Braf-like","Braf-like"
"TCGA-EL-A4JV-01A","HRAS:p.Q61R:29",NA,"HRAS",NA,"HRAS",NA,"Ras-like","Ras-like"
"TCGA-EL-A4JW-01A","BRAF:p.V600E:13",NA,"BRAF",NA,"BRAF",NA,"Braf-like","Braf-like"
"TCGA-EL-A4JX-01A","BRAF:p.V600E:11",NA,"BRAF",NA,"BRAF",NA,"Braf-like","Braf-like"
"TCGA-EL-A4JZ-01A","BRAF:p.V600E:19",NA,"BRAF",NA,"AKT2,BRAF","C228T","Braf-like","Braf-like"
"TCGA-EL-A4K0-01A","BRAF:p.V600E:25",NA,"BRAF",NA,"BRAF,SSX1",NA,"Braf-like","Braf-like"
"TCGA-EL-A4K1-01A",NA,NA,NA,NA,NA,NA,NA,"Others"
"TCGA-EL-A4K2-01A","NRAS:p.Q61R:67","CHEK2:p.L462I:6","NRAS",NA,"CHEK2,NRAS",NA,"Ras-like","Ras-like"
"TCGA-EL-A4K4-01A","BRAF:p.V600E:14",NA,"BRAF",NA,"BRAF",NA,"Braf-like","Braf-like"
"TCGA-EL-A4K6-01A","NRAS:p.Q61K:84",NA,"NRAS",NA,"NRAS","C228T","Ras-like","Ras-like"
"TCGA-EL-A4K7-01A",NA,NA,NA,NA,NA,NA,NA,"Others"
"TCGA-EL-A4K9-01A",NA,NA,NA,NA,NA,NA,NA,"Others"
"TCGA-EL-A4KD-01A",NA,NA,NA,"GTF2IRD1_ALK","PDE4DIP",NA,"Braf-like","Braf-like"
"TCGA-EL-A4KG-01A","BRAF:p.V600E:22",NA,"BRAF,MLL3",NA,"BCL6,BRAF,MLL3",NA,"Braf-like","Braf-like"
"TCGA-EL-A4KH-01A","BRAF:p.V600E:20",NA,"BRAF",NA,"BRAF",NA,"Braf-like","Braf-like"
"TCGA-EL-A4KI-01A","NRAS:p.Q61R:95",NA,"NRAS,RB1",NA,"NRAS,RB1","C228T","Ras-like","Ras-like"
"TCGA-EM-A1CS-01A",NA,NA,NA,NA,NA,NA,"Braf-like","Braf-like"
"TCGA-EM-A1CT-01A","BRAF:p.V600E:36",NA,"ATM,BRAF",NA,"ATM,BRAF",NA,"Braf-like","Braf-like"
"TCGA-EM-A1CU-01A","BRAF:p.V600E:34",NA,"BRAF,MUC17",NA,"BRAF",NA,"Braf-like","Braf-like"
"TCGA-EM-A1CV-01A","BRAF:p.V600E:19",NA,"BRAF",NA,"BRAF",NA,"Braf-like","Braf-like"
"TCGA-EM-A1CW-01A",NA,NA,"NF1",NA,"NF1",NA,"Ras-like","Ras-like"
"TCGA-EM-A1YA-01A","EIF1AX:p.A113V:22,EIF1AX:p.A113_splice:21",NA,NA,NA,NA,NA,"Ras-like","Ras-like"
"TCGA-EM-A1YB-01A",NA,NA,"PPP6C,TP53",NA,"RUNDC2A,TP53,VTI1A",NA,"Ras-like","Ras-like"
"TCGA-EM-A1YC-01A",NA,NA,"ATM",NA,"ATM",NA,"Ras-like","Ras-like"
"TCGA-EM-A1YD-01A",NA,NA,"WT1",NA,"WT1",NA,"Ras-like","Ras-like"
"TCGA-EM-A1YE-01A",NA,NA,NA,NA,"MKL1,MYST4",NA,"Ras-like","Ras-like"
"TCGA-EM-A22I-01A","BRAF:p.V600E:9",NA,"BRAF,ZFHX3",NA,"BRAF",NA,"Braf-like","Braf-like"
"TCGA-EM-A22J-01A","NRAS:p.Q61R:60",NA,"NRAS",NA,"NRAS",NA,"Ras-like","Ras-like"
"TCGA-EM-A22K-01A","HRAS:p.Q61K:47",NA,"HRAS",NA,"HRAS,NOTCH2","C250T","Ras-like","Ras-like"
"TCGA-EM-A22L-01A","NRAS:p.Q61K:64",NA,"NRAS",NA,"NRAS",NA,"Ras-like","Ras-like"
"TCGA-EM-A22M-01A","BRAF:p.V600E:13",NA,"BRAF",NA,"BRAF",NA,NA,"Others"
"TCGA-EM-A22N-01A",NA,NA,NA,NA,NA,NA,"Ras-like","Ras-like"
"TCGA-EM-A22O-01A","BRAF:p.V600E:14",NA,"ATM,BRAF,CNKSR1,MUC17",NA,"ATM,BRAF","C228T","Braf-like","Braf-like"
"TCGA-EM-A22P-01A","BRAF:p.V600E:18",NA,"BRAF",NA,"BRAF",NA,"Braf-like","Braf-like"
"TCGA-EM-A22Q-01A","NRAS:p.Q61K:55",NA,"NRAS",NA,"NRAS",NA,"Ras-like","Ras-like"
"TCGA-EM-A2CJ-01A",NA,NA,NA,NA,"TCF3",NA,"Ras-like","Ras-like"
"TCGA-EM-A2CK-01A","HRAS:p.Q61R:52",NA,"HRAS",NA,"HRAS,PCM1",NA,"Ras-like","Ras-like"
"TCGA-EM-A2CL-01A","EIF1AX:p.G9R:62",NA,"MPO",NA,NA,NA,"Ras-like","Ras-like"
"TCGA-EM-A2CN-01A","NRAS:p.Q61R:116",NA,"NRAS",NA,"NRAS","C228T","Ras-like","Ras-like"
"TCGA-EM-A2CO-01A",NA,NA,NA,NA,NA,NA,"Ras-like","Ras-like"
"TCGA-EM-A2CP-01A",NA,NA,NA,NA,NA,NA,"Ras-like","Ras-like"
"TCGA-EM-A2CQ-01A","KRAS:p.G12V:7",NA,"KRAS",NA,"ELF4,KRAS",NA,"Ras-like","Ras-like"
"TCGA-EM-A2CR-01A","NRAS:p.Q61R:62",NA,"NRAS",NA,"NRAS",NA,"Ras-like","Ras-like"
"TCGA-EM-A2CS-01A",NA,NA,NA,NA,NA,NA,NA,"Others"
"TCGA-EM-A2CT-01A","NRAS:p.Q61R:55",NA,"NRAS",NA,"DICER1,NRAS",NA,"Ras-like","Ras-like"
"TCGA-EM-A2CU-01A",NA,NA,NA,"NCOA4_RET",NA,NA,"Braf-like","RET-fusion"
"TCGA-EM-A2OV-01A",NA,NA,"EZH1",NA,NA,NA,"Ras-like","Ras-like"
"TCGA-EM-A2OW-01A",NA,"TSHR:p.M453T:52",NA,NA,"TSHR",NA,"Ras-like","Ras-like"
"TCGA-EM-A2OX-01A","BRAF:p.V600E:15",NA,"BRAF",NA,"BRAF",NA,"Braf-like","Braf-like"
"TCGA-EM-A2OY-01A",NA,NA,NA,NA,NA,NA,"Ras-like","Ras-like"
"TCGA-EM-A2OZ-01A","BRAF:p.V600E:23",NA,"BRAF,CTCF",NA,"BRAF,PRDM16",NA,"Braf-like","Braf-like"
"TCGA-EM-A2P0-01A","BRAF:p.V600E:22",NA,"BRAF,MUC17,ZFHX3",NA,"BRAF",NA,"Braf-like","Braf-like"
"TCGA-EM-A2P1-01A","BRAF:p.V600E:9",NA,"BRAF",NA,"BRAF",NA,"Braf-like","Braf-like"
"TCGA-EM-A2P2-01A","BRAF:p.TAPTP488del:19",NA,"BRAF,MLL4",NA,"BRAF,KIAA1549",NA,"Ras-like","Ras-like"
"TCGA-EM-A2P3-01A","BRAF:p.V600E:26",NA,"BRAF,FLG",NA,"BRAF,BRCA2",NA,"Braf-like","Braf-like"
"TCGA-EM-A3AI-01A",NA,NA,NA,NA,"ELL",NA,"Ras-like","Ras-like"
"TCGA-EM-A3AJ-01A",NA,NA,NA,"PAX8_PPARG,PPARG_PAX8",NA,NA,"Ras-like","Ras-like"
"TCGA-EM-A3AK-01A","BRAF:p.V600E:35",NA,"BRAF",NA,"BRAF",NA,"Braf-like","Braf-like"
"TCGA-EM-A3AL-01A",NA,NA,NA,"IGF2BP3_THADA",NA,NA,"Ras-like","Ras-like"
"TCGA-EM-A3AN-01A",NA,NA,"POU2F2","CCDC6_RET",NA,NA,"Braf-like","RET-fusion"
"TCGA-EM-A3AO-01A",NA,NA,NA,"NTRK1_TFG,TFG_NTRK1",NA,NA,"Braf-like","Braf-like"
"TCGA-EM-A3AP-01A","NRAS:p.Q61K:90",NA,"NRAS",NA,"NRAS",NA,"Ras-like","Ras-like"
"TCGA-EM-A3AQ-01A",NA,NA,NA,"BRAF_CCNY",NA,NA,"Braf-like","Braf-like"
"TCGA-EM-A3AR-01A","BRAF:p.V600E:8",NA,"BRAF",NA,"BRAF",NA,"Braf-like","Braf-like"
"TCGA-EM-A3FJ-01A","BRAF:p.V600E:14",NA,"BRAF",NA,"BRAF",NA,"Braf-like","Braf-like"
"TCGA-EM-A3FK-01A","BRAF:p.V600E:11",NA,"BRAF",NA,"BRAF",NA,"Braf-like","Braf-like"
"TCGA-EM-A3FL-01A",NA,NA,NA,NA,"KDM5A",NA,"Ras-like","Ras-like"
"TCGA-EM-A3FM-01A","BRAF:p.V600E:25",NA,"BRAF",NA,"BRAF,NUP214",NA,"Braf-like","Braf-like"
"TCGA-EM-A3FN-01A","EIF1AX:p.G8R:30",NA,"COL5A3",NA,NA,NA,"Ras-like","Ras-like"
"TCGA-EM-A3FO-01A","BRAF:p.V600E:33",NA,"BRAF",NA,"BRAF",NA,"Braf-like","Braf-like"
"TCGA-EM-A3FP-01A",NA,NA,"SMC3","VCL_FGFR2","PMS1",NA,"Ras-like","Ras-like"
"TCGA-EM-A3FQ-01A",NA,NA,NA,"CLRN3_RET,ERC1_RET",NA,NA,"Braf-like","RET-fusion"
"TCGA-EM-A3FR-01A",NA,NA,"SPOP",NA,NA,NA,"Ras-like","Ras-like"
"TCGA-EM-A3O3-01A","BRAF:p.V600E:17",NA,"AXIN2,BRAF",NA,"BRAF","C228T","Braf-like","Braf-like"
"TCGA-EM-A3O6-01A",NA,NA,"BCOR,PIK3R1,PTEN",NA,"BCOR,PDGFRB,PIK3R1,PTEN",NA,"Ras-like","Ras-like"
"TCGA-EM-A3O7-01A","BRAF:p.V600E:54",NA,"BRAF",NA,"BRAF",NA,"Braf-like","Braf-like"
"TCGA-EM-A3O8-01A","BRAF:p.K601E:43",NA,"BRAF",NA,"BRAF",NA,"Ras-like","Ras-like"
"TCGA-EM-A3O9-01A",NA,NA,"BAP1,CDK12",NA,"BAP1,CDK12",NA,"Ras-like","Ras-like"
"TCGA-EM-A3OA-01A","NRAS:p.Q61K:99",NA,"NRAS",NA,"NRAS",NA,"Ras-like","Ras-like"
"TCGA-EM-A3OB-01A","NRAS:p.Q61R:95",NA,"COL5A3,NRAS",NA,"NRAS",NA,"Ras-like","Ras-like"
"TCGA-EM-A3ST-01A",NA,NA,NA,NA,NA,NA,NA,"Others"
"TCGA-EM-A3SU-01A",NA,NA,NA,NA,NA,NA,NA,"Others"
"TCGA-EM-A3SX-01A",NA,NA,NA,NA,NA,NA,NA,"Others"
"TCGA-EM-A3SY-01A",NA,NA,NA,NA,NA,NA,NA,"Others"
"TCGA-EM-A3SZ-01A",NA,NA,NA,NA,NA,NA,NA,"Others"
"TCGA-EM-A4FF-01A",NA,NA,NA,NA,NA,NA,NA,"Others"
"TCGA-EM-A4FH-01A",NA,NA,NA,NA,NA,NA,NA,"Others"
"TCGA-EM-A4FK-01A","NRAS:p.Q61R:66",NA,"NRAS",NA,"NRAS",NA,"Ras-like","Ras-like"
"TCGA-EM-A4FM-01A","BRAF:p.V600E:23",NA,"BRAF",NA,"BRAF,PCSK7","C228T","Braf-like","Braf-like"
"TCGA-EM-A4FN-01A",NA,NA,NA,NA,NA,NA,NA,"Others"
"TCGA-EM-A4FO-01A","BRAF:p.V600E:16",NA,"BCLAF1,BRAF",NA,"BRAF",NA,"Braf-like","Braf-like"
"TCGA-EM-A4FQ-01A","BRAF:p.V600E:26",NA,"BRAF,TGFBR2",NA,"BRAF",NA,"Braf-like","Braf-like"
"TCGA-EM-A4FR-01A",NA,NA,NA,NA,NA,NA,"Ras-like","Ras-like"
"TCGA-EM-A4FU-01A",NA,NA,NA,NA,NA,NA,NA,"Others"
"TCGA-EM-A4FV-01A","EIF1AX:p.A113_splice:7,KRAS:p.Q61K:10,BRAF:p.V600E:5",NA,"BRAF,COL5A3,KRAS",NA,"BRAF,KRAS",NA,"Braf-like","Braf-like"
"TCGA-EM-A4G1-01A","NRAS:p.Q61R:36",NA,"NRAS",NA,"NRAS",NA,"Ras-like","Ras-like"
"TCGA-ET-A25G-01A","BRAF:p.V600E:34",NA,"BRAF",NA,"BRAF",NA,"Braf-like","Braf-like"
"TCGA-ET-A25I-01A","NRAS:p.Q61K:56",NA,"NRAS",NA,"NRAS",NA,"Ras-like","Ras-like"
"TCGA-ET-A25J-01A","BRAF:p.V600E:29",NA,"BRAF",NA,"BRAF",NA,"Braf-like","Braf-like"
"TCGA-ET-A25K-01A","BRAF:p.V600E:23",NA,"BRAF",NA,"BRAF",NA,"Braf-like","Braf-like"
"TCGA-ET-A25L-01A",NA,NA,NA,NA,NA,NA,NA,"Others"
"TCGA-ET-A25M-01A",NA,NA,NA,NA,NA,NA,NA,"Others"
"TCGA-ET-A25N-01A",NA,NA,NA,NA,NA,NA,NA,"Others"
"TCGA-ET-A25O-01A","BRAF:p.V600E:15",NA,"BRAF",NA,"BRAF",NA,"Braf-like","Braf-like"
"TCGA-ET-A25P-01A",NA,NA,NA,NA,NA,NA,NA,"Others"
"TCGA-ET-A25R-01A","BRAF:p.V600E:18",NA,"BRAF,FAT1",NA,"BRAF",NA,"Braf-like","Braf-like"
"TCGA-ET-A2MX-01A",NA,NA,NA,"BCL2L11_BRAF",NA,NA,NA,"Others"
"TCGA-ET-A2MY-01A","BRAF:p.V600E:25",NA,"BRAF,SACS",NA,"ABL2,BRAF,JUN",NA,"Braf-like","Braf-like"
"TCGA-ET-A2MZ-01A","BRAF:p.V600E:38",NA,"BRAF",NA,"BRAF",NA,"Braf-like","Braf-like"
"TCGA-ET-A2N0-01A","BRAF:p.V600E:22",NA,"BRAF",NA,"BRAF",NA,"Braf-like","Braf-like"
"TCGA-ET-A2N3-01B",NA,NA,NA,NA,NA,NA,NA,"Others"
"TCGA-ET-A2N4-01A","BRAF:p.V600E:63",NA,"BRAF",NA,"BRAF",NA,"Braf-like","Braf-like"
"TCGA-ET-A2N5-01A","HRAS:p.Q61R:38",NA,"ASXL1,HRAS",NA,"ASXL1,HRAS,SOX2",NA,"Ras-like","Ras-like"
"TCGA-ET-A39I-01A","HRAS:p.Q61R:39",NA,"HRAS",NA,"HRAS,MLLT1",NA,"Ras-like","Ras-like"
"TCGA-ET-A39J-01A","BRAF:p.V600E:39",NA,"BRAF",NA,"BRAF",NA,"Braf-like","Braf-like"
"TCGA-ET-A39K-01A","BRAF:p.V600E:23",NA,"BRAF",NA,"BRAF",NA,"Braf-like","Braf-like"
"TCGA-ET-A39L-01A",NA,NA,NA,"NTRK3_RBPMS,RBPMS_NTRK3",NA,NA,"Ras-like","Ras-like"
"TCGA-ET-A39M-01A","BRAF:p.V600E:51",NA,"BRAF",NA,"BRAF",NA,"Braf-like","Braf-like"
"TCGA-ET-A39N-01A",NA,NA,"MAP3K1","PAX8_PPARG",NA,NA,"Ras-like","Ras-like"
"TCGA-ET-A39O-01A","BRAF:p.V600E:23",NA,"BRAF",NA,"BRAF",NA,"Braf-like","Braf-like"
"TCGA-ET-A39P-01A","BRAF:p.V600E:23",NA,"BRAF,IL7R",NA,"BRAF,IL7R",NA,"Braf-like","Braf-like"
"TCGA-ET-A39R-01A",NA,NA,"COL5A3","CCDC6_RET",NA,NA,"Braf-like","RET-fusion"
"TCGA-ET-A39S-01A","BRAF:p.V600E:27",NA,"BRAF",NA,"BRAF",NA,"Braf-like","Braf-like"
"TCGA-ET-A39T-01A","BRAF:p.V600E:34",NA,"BRAF",NA,"BRAF,C15orf55",NA,"Braf-like","Braf-like"
"TCGA-ET-A3BN-01A",NA,NA,"BRCA1","BRAF_FAM114A2,FAM114A2_BRAF","BRCA1",NA,"Braf-like","Braf-like"
"TCGA-ET-A3BO-01A","BRAF:p.V600E:35",NA,"BRAF",NA,"BRAF","C228T","Braf-like","Braf-like"
"TCGA-ET-A3BP-01A","BRAF:p.V600E:37",NA,"BRAF,MXRA5",NA,"BRAF",NA,"Braf-like","Braf-like"
"TCGA-ET-A3BQ-01B","BRAF:p.V600E:39",NA,"BRAF",NA,"BRAF",NA,"Braf-like","Braf-like"
"TCGA-ET-A3BS-01A","BRAF:p.V600E:14",NA,"BRAF",NA,"BRAF",NA,"Braf-like","Braf-like"
"TCGA-ET-A3BT-01A","BRAF:p.V600E:24",NA,"BRAF",NA,"BRAF,ZNF384","C228T","Braf-like","Braf-like"
"TCGA-ET-A3BU-01A","BRAF:p.V600E:27",NA,"BRAF",NA,"BRAF",NA,"Braf-like","Braf-like"
"TCGA-ET-A3BV-01A","BRAF:p.V600E:16",NA,"BRAF",NA,"BRAF,TRIP11",NA,NA,"Others"
"TCGA-ET-A3BW-01A","BRAF:p.V600E:41","PPM1D:p.T406fs:34","BRAF,PPM1D",NA,"BRAF",NA,"Braf-like","Braf-like"
"TCGA-ET-A3BX-01A","BRAF:p.V600E:26",NA,"BRAF",NA,"BRAF",NA,"Braf-like","Braf-like"
"TCGA-ET-A3DO-01A","BRAF:p.V600E:16",NA,"BRAF",NA,"BRAF",NA,"Braf-like","Braf-like"
"TCGA-ET-A3DP-01A","BRAF:p.V600E:16",NA,"BRAF",NA,"BRAF",NA,"Braf-like","Braf-like"
"TCGA-ET-A3DQ-01A",NA,NA,NA,"FKBP15_RET",NA,NA,"Ras-like","RET-fusion"
"TCGA-ET-A3DR-01A",NA,NA,NA,"CCDC6_RET",NA,NA,"Braf-like","RET-fusion"
"TCGA-ET-A3DS-01A",NA,NA,NA,NA,NA,NA,"Ras-like","Ras-like"
"TCGA-ET-A3DT-01A","BRAF:p.V600E:14",NA,"BRAF",NA,"BRAF",NA,"Braf-like","Braf-like"
"TCGA-ET-A3DU-01A","BRAF:p.V600E:19",NA,"BRAF,MLL3",NA,"BRAF,MLL3",NA,NA,"Others"
"TCGA-ET-A3DV-01A",NA,NA,NA,NA,NA,NA,"Ras-like","Ras-like"
"TCGA-ET-A3DW-01A","BRAF:p.V600E:37",NA,"BRAF",NA,"BRAF,NKX2-1","C250T","Braf-like","Braf-like"
"TCGA-ET-A40P-01A",NA,NA,NA,NA,NA,NA,NA,"Others"
"TCGA-ET-A40Q-01A",NA,NA,NA,NA,NA,NA,NA,"Others"
"TCGA-ET-A40R-01A",NA,NA,NA,"RET_RP11_335L9_1,RET_TBL1XR1,TBL1XR1_RET",NA,NA,NA,"RET-fusion"
"TCGA-ET-A40S-01A",NA,NA,NA,"NTRK1_SQSTM1,SQSTM1_NTRK1",NA,NA,"Braf-like","Braf-like"
"TCGA-ET-A40T-01A",NA,NA,NA,"CCDC6_RET",NA,NA,NA,"RET-fusion"
"TCGA-ET-A4KN-01A",NA,NA,"CDKN1A","BRAF_ERC1",NA,NA,"Braf-like","Braf-like"
"TCGA-ET-A4KQ-01A",NA,NA,NA,NA,NA,NA,NA,"Others"
"TCGA-FE-A22Z-01A","BRAF:p.V600E:11",NA,"BRAF,COL5A1",NA,"BRAF",NA,"Braf-like","Braf-like"
"TCGA-FE-A230-01A","BRAF:p.V600E:15",NA,"BRAF,HIST1H1E",NA,"BRAF",NA,"Braf-like","Braf-like"
"TCGA-FE-A231-01A","BRAF:p.V600E:27",NA,"BRAF,EIF2S2",NA,"BRAF",NA,"Braf-like","Braf-like"
"TCGA-FE-A232-01A","BRAF:p.V600E:20",NA,"BRAF",NA,"BRAF",NA,NA,"Others"
"TCGA-FE-A233-01A","BRAF:p.V600E:38",NA,"BRAF",NA,"BRAF",NA,"Braf-like","Braf-like"
"TCGA-FE-A234-01A","BRAF:p.V600E:13",NA,"BRAF",NA,"BRAF,TRRAP",NA,"Braf-like","Braf-like"
"TCGA-FE-A235-01A","BRAF:p.V600E:31",NA,"BRAF,PHF6",NA,"BRAF,PHF6",NA,"Braf-like","Braf-like"
"TCGA-FE-A236-01A","BRAF:p.V600E:38",NA,"BRAF",NA,"BRAF,CHN1",NA,"Braf-like","Braf-like"
"TCGA-FE-A237-01A","BRAF:p.V600E:27",NA,"BRAF",NA,"BRAF",NA,"Braf-like","Braf-like"
"TCGA-FE-A238-01A",NA,NA,NA,NA,NA,NA,NA,"Others"
"TCGA-FE-A239-01A",NA,NA,NA,NA,NA,NA,NA,"Others"
"TCGA-FE-A23A-01A","BRAF:p.V600E:10",NA,"BRAF",NA,"BRAF",NA,"Braf-like","Braf-like"
"TCGA-FE-A3PA-01A",NA,NA,NA,NA,NA,NA,NA,"Others"
"TCGA-FE-A3PB-01A","BRAF:p.V600E:22",NA,"BRAF",NA,"BRAF",NA,"Braf-like","Braf-like"
"TCGA-FE-A3PC-01A","BRAF:p.V600E:55",NA,"BRAF,PIK3CA",NA,"AKAP9,BRAF,PIK3CA",NA,"Braf-like","Braf-like"
"TCGA-FE-A3PD-01A",NA,NA,"ARID5B","ETV6_NTRK3,NKAIN2_NTRK3","AKAP9,MSI2",NA,"Braf-like","Braf-like"
"TCGA-FK-A3S3-01A",NA,NA,"ALK","MET_TFG,TFG_MET","ALK",NA,"Braf-like","Braf-like"
"TCGA-FK-A3SB-01A","BRAF:p.V600E:29",NA,"BRAF,ZFHX3",NA,"BRAF",NA,"Braf-like","Braf-like"
"TCGA-FK-A3SD-01A",NA,NA,"MLL",NA,"FBXO11,MLL,PDE4DIP",NA,"Ras-like","Ras-like"
"TCGA-FK-A3SE-01A",NA,NA,NA,"CCDC6_RET","TERT",NA,"Braf-like","RET-fusion"
"TCGA-FK-A3SG-01A",NA,NA,NA,"AKAP13_RET","COL1A1",NA,"Braf-like","RET-fusion"
"TCGA-FK-A3SH-01A","BRAF:p.V600E:38",NA,"BRAF,COL5A1",NA,"BRAF",NA,"Braf-like","Braf-like"
"TCGA-FK-A4UB-01A",NA,NA,NA,"CCDC6_RET",NA,NA,NA,"RET-fusion"
"TCGA-FY-A2QD-01A",NA,NA,NA,NA,NA,NA,"Ras-like","Ras-like"
"TCGA-FY-A3BL-01A","BRAF:p.V600E:29",NA,"BRAF,MLL",NA,"BRAF,MLL",NA,"Braf-like","Braf-like"
"TCGA-FY-A3I4-01A","BRAF:p.V600E:15",NA,"BRAF",NA,"BRAF,NUP214",NA,"Braf-like","Braf-like"
"TCGA-FY-A3I5-01B",NA,NA,NA,NA,"HOOK3,ZNF521",NA,"Ras-like","Ras-like"
"TCGA-FY-A3NM-01A",NA,NA,"DNMT3A",NA,"DNMT3A",NA,"Ras-like","Ras-like"
"TCGA-FY-A3NN-01A","BRAF:p.V600E:28","PPM1D:p.D470N:3","BRAF,PPM1D",NA,"BRAF",NA,"Braf-like","Braf-like"
"TCGA-FY-A3NP-01A","NRAS:p.Q61R:39",NA,"NRAS",NA,"CLTCL1,NRAS",NA,"Ras-like","Ras-like"
"TCGA-FY-A3ON-01A","BRAF:p.V600E:49",NA,"BRAF",NA,"BRAF,SUFU",NA,"Braf-like","Braf-like"
"TCGA-FY-A3R6-01A",NA,NA,"SIRT4","UACA_LTK",NA,NA,"Braf-like","Braf-like"
"TCGA-FY-A3R7-01A","BRAF:p.V600E:18",NA,"BRAF",NA,"BRAF",NA,"Braf-like","Braf-like"
"TCGA-FY-A3R8-01A","BRAF:p.V600E:24",NA,"BRAF,FLG",NA,"BRAF",NA,"Braf-like","Braf-like"
"TCGA-FY-A3R9-01A","NRAS:p.Q61K:83",NA,"NRAS",NA,"NRAS",NA,"Ras-like","Ras-like"
"TCGA-FY-A3RA-01A","BRAF:p.V600E:68",NA,"BRAF",NA,"BRAF",NA,"Braf-like","Braf-like"
"TCGA-FY-A3TY-01A",NA,NA,NA,NA,NA,NA,NA,"Others"
"TCGA-FY-A3W9-01A","NRAS:p.Q61R:81",NA,"NRAS,SACS",NA,"NRAS","C228T","Ras-like","Ras-like"
"TCGA-FY-A3WA-01A",NA,NA,NA,NA,NA,NA,"Ras-like","Ras-like"
"TCGA-FY-A3YR-01A",NA,NA,NA,NA,NA,NA,NA,"Others"
"TCGA-FY-A40K-01A","BRAF:p.V600E:18",NA,"BRAF",NA,"BRAF",NA,"Braf-like","Braf-like"
"TCGA-FY-A40L-01A",NA,NA,NA,NA,NA,NA,NA,"Others"
"TCGA-FY-A40M-01A",NA,NA,NA,NA,NA,NA,NA,"Others"
"TCGA-FY-A40N-01A",NA,NA,NA,"BRAF_C7orf10,SND1_BRAF",NA,NA,NA,"Others"
"TCGA-FY-A4B0-01A",NA,NA,NA,NA,NA,NA,NA,"Others"
"TCGA-FY-A4B3-01A","BRAF:p.V600E:6",NA,"BRAF",NA,"BRAF",NA,"Braf-like","Braf-like"
"TCGA-FY-A4B4-01A",NA,NA,NA,NA,NA,NA,NA,"Others"
"TCGA-GE-A2C6-01A","BRAF:p.V600E:5",NA,"BRAF",NA,"BRAF",NA,"Braf-like","Braf-like"
"TCGA-H2-A26U-01A","BRAF:p.V600E:8",NA,"BRAF",NA,"BRAF",NA,"Braf-like","Braf-like"
"TCGA-H2-A2K9-01A","NRAS:p.Q61R:59",NA,"NRAS",NA,"NRAS",NA,"Ras-like","Ras-like"
"TCGA-H2-A3RH-01A","KRAS:p.Q61K:24",NA,"KRAS",NA,"KRAS",NA,"Ras-like","Ras-like"
"TCGA-H2-A3RI-01A","BRAF:p.V600E:43",NA,"BRAF",NA,"BRAF",NA,"Braf-like","Braf-like"
"TCGA-H2-A421-01A","BRAF:p.V600E:34",NA,"BRAF",NA,"BRAF",NA,"Braf-like","Braf-like"
"TCGA-H2-A422-01A",NA,NA,NA,NA,NA,NA,NA,"Others"
"TCGA-IM-A3EB-01A","BRAF:p.V600E:23",NA,"BRAF,SFRS2",NA,"BRAF",NA,"Braf-like","Braf-like"
"TCGA-IM-A3ED-01A","BRAF:p.V600E:25",NA,"BRAF",NA,"BRAF",NA,"Braf-like","Braf-like"
"TCGA-IM-A3U2-01A","BRAF:p.V600E:52",NA,"BRAF,POU2AF1,SETDB1",NA,"BRAF,FANCD2,GNAS,POU2AF1,SEPT6","C228T","Braf-like","Braf-like"
"TCGA-IM-A3U3-01A","BRAF:p.V600E:37",NA,"BRAF",NA,"BRAF,CD74",NA,"Braf-like","Braf-like"
"TCGA-IM-A41Y-01A",NA,NA,NA,NA,NA,NA,NA,"Others"
"TCGA-IM-A41Z-01A",NA,NA,NA,NA,NA,NA,NA,"Others"
"TCGA-IM-A420-01A",NA,NA,NA,NA,NA,NA,NA,"Others"
"TCGA-IM-A4EB-01A",NA,NA,NA,NA,NA,NA,NA,"Others"
"TCGA-J8-A3NZ-01A","BRAF:p.V600E:26",NA,"BRAF",NA,"BRAF",NA,"Braf-like","Braf-like"
"TCGA-J8-A3O0-01A","NRAS:p.Q61R:62",NA,"NRAS",NA,"FANCD2,NRAS",NA,"Ras-like","Ras-like"
"TCGA-J8-A3O1-01A",NA,NA,NA,"BRAF_MKRN1,MKRN1_BRAF",NA,"C228T","Braf-like","Braf-like"
"TCGA-J8-A3O2-01A",NA,NA,NA,NA,NA,NA,NA,"Others"
"TCGA-J8-A3YD-01A",NA,NA,NA,NA,NA,NA,NA,"Others"
"TCGA-J8-A3YE-01A","BRAF:p.V600E:36",NA,"ATM,BRAF",NA,"ATM,BRAF",NA,"Braf-like","Braf-like"
"TCGA-J8-A3YF-01A",NA,NA,NA,NA,NA,NA,NA,"Others"
"TCGA-J8-A3YG-01A",NA,NA,NA,NA,NA,NA,NA,"Others"
"TCGA-J8-A3YH-01A",NA,NA,NA,NA,NA,NA,NA,"Others"
"TCGA-J8-A42S-01A",NA,NA,NA,NA,NA,NA,NA,"Others"
"TCGA-J8-A4HW-01A",NA,NA,NA,"CCDC6_RET",NA,NA,"Braf-like","RET-fusion"
"TCGA-J8-A4HY-01A",NA,NA,NA,NA,NA,NA,NA,"Others"
"TCGA-KS-A41F-01A",NA,NA,NA,NA,NA,NA,NA,"Others"
"TCGA-KS-A41I-01A",NA,NA,NA,NA,NA,NA,NA,"Others"
"TCGA-KS-A41J-01A","BRAF:p.V600E:35",NA,"BRAF",NA,"BRAF",NA,"Braf-like","Braf-like"
"TCGA-KS-A41L-01A",NA,NA,NA,NA,NA,NA,NA,"Others"
"TCGA-KS-A4I1-01A",NA,NA,NA,NA,NA,NA,NA,"Others"
"TCGA-KS-A4I3-01A",NA,NA,NA,NA,NA,NA,NA,"Others"
"TCGA-KS-A4I5-01A","BRAF:p.V600E:21",NA,"BRAF",NA,"BRAF",NA,"Braf-like","Braf-like"
"TCGA-KS-A4I7-01A",NA,NA,NA,NA,NA,NA,NA,"Others"
"TCGA-KS-A4I9-01A","BRAF:p.V600E:12",NA,"BRAF",NA,"BRAF",NA,"Braf-like","Braf-like"
"TCGA-KS-A4IB-01A","BRAF:p.V600E:16","CHEK2:p.H143Q:39","BRAF,CUX1",NA,"BRAF,CHEK2",NA,"Braf-like","Braf-like"
"TCGA-KS-A4IC-01A",NA,NA,NA,NA,NA,NA,NA,"Others"
"TCGA-KS-A4ID-01A",NA,NA,NA,"ZC3HAV1_BRAF",NA,NA,NA,"Others"
"TCGA-L6-A4EP-01A","BRAF:p.V600E:20",NA,"BRAF,SF3B1",NA,"BRAF,SF3B1",NA,NA,"Others"
"TCGA-L6-A4EQ-01A",NA,NA,NA,NA,NA,NA,NA,"Others"
"TCGA-L6-A4ET-01A","BRAF:p.V600E:26",NA,"BRAF",NA,"BRAF",NA,"Braf-like","Braf-like"
"TCGA-L6-A4EU-01A","BRAF:p.V600E:24",NA,"BRAF,KEL",NA,"BRAF",NA,"Braf-like","Braf-like"
"TCGA-MK-A4N6-01A","BRAF:p.V600E:27",NA,"BRAF,MLL",NA,"BRAF,MLL",NA,"Braf-like","Braf-like"
"TCGA-MK-A4N7-01A","BRAF:p.V600E:12",NA,"BRAF,FGFR2",NA,"BRAF,FGFR2","C250T","Braf-like","Braf-like"
"TCGA-MK-A4N9-01A","BRAF:p.V600E:10",NA,"BRAF,NTN4",NA,"BRAF",NA,"Braf-like","Braf-like"
